txn_id,trade_ref_no,split_seq_no,advisor_sid,month_id,product_id,account_no,trade_dt,proc_dt,credited_amt,pre_split_amt,split_pct,client_rate_bps,std_tier_rate,concession_type,discount_amt,eff_disc_pct,avg_balance_amt,file_key,trade_description,rev_nature,reason_cd,rm_sid,cs_sid,revenue_eligibility,incentive_eligible,days_to_process,posting_month_id,data_source
SMPLTRD00001|1,SMPLTRD00001,1,SMPL001,202604,UMA|FEE,SMPLACCT-1101,2026-04-28 00:00:00,2026-04-29 00:00:00,6030.0,6030.0,1.0,82.0,82.0,None,0.0,0.0,0.0,ace,MONTH M04-2026,RECURRING,__NONE__,SMPLRM1,SMPLCS1,CREDITED,True,1,202604,REAL
SMPLTRD00002|1,SMPLTRD00002,1,SMPL001,202604,UMA|FEE,SMPLACCT-1102,2026-04-28 00:00:00,2026-04-29 00:00:00,6160.0,6160.0,1.0,82.0,82.0,None,0.0,0.0,0.0,ace,MONTH M04-2026,RECURRING,__NONE__,SMPLRM1,SMPLCS1,CREDITED,True,1,202604,REAL
SMPLTRD00003|1,SMPLTRD00003,1,SMPL001,202604,UMA|FEE,SMPLACCT-1103,2026-04-28 00:00:00,2026-04-29 00:00:00,6290.0,6290.0,1.0,82.0,82.0,None,0.0,0.0,0.0,ace,MONTH M04-2026,RECURRING,__NONE__,SMPLRM1,SMPLCS1,CREDITED,True,1,202604,REAL
SMPLTRD00004|1,SMPLTRD00004,1,SMPL001,202604,UMA|FEE,SMPLACCT-1104,2026-04-28 00:00:00,2026-04-29 00:00:00,6420.0,6420.0,1.0,82.0,82.0,None,0.0,0.0,0.0,ace,MONTH M04-2026,RECURRING,__NONE__,SMPLRM1,SMPLCS1,CREDITED,True,1,202604,REAL
SMPLTRD00005|1,SMPLTRD00005,1,SMPL001,202604,UMA|FEE,SMPLACCT-1110,2026-04-15 00:00:00,2026-04-16 00:00:00,1600,1600.0,1.0,82.0,82.0,None,0.0,0.0,0.0,ace,MONTH M04-2026,RECURRING,__NONE__,SMPLRM1,SMPLCS1,CREDITED,True,1,202604,REAL
SMPLTRD00006|1,SMPLTRD00006,1,SMPL001,202604,UMA|FEE,SMPLACCT-1111,2026-04-18 00:00:00,2026-04-19 00:00:00,480,480.0,1.0,82.0,82.0,None,0.0,0.0,0.0,ace,MONTH M04-2026,RECURRING,__NONE__,SMPLRM1,SMPLCS1,CREDITED,True,1,202604,REAL
SMPLTRD00007|1,SMPLTRD00007,1,SMPL001,202604,UMA|PAYS,SMPLACCT-1101,2026-04-28 00:00:00,2026-04-29 00:00:00,20000.0,20000.0,1.0,0.0,0.0,None,0.0,0.0,0.0,ace,PAY TYPE SUMMARY,RECURRING,__NONE__,SMPLRM1,SMPLCS1,CREDITED,True,1,202604,REAL
SMPLTRD00008|1,SMPLTRD00008,1,SMPL001,202604,JPMCAP|FEE,SMPLACCT-1105,2026-04-27 00:00:00,2026-04-28 00:00:00,4000.0,4000.0,1.0,65.0,65.0,None,0.0,0.0,0.0,ace,MONTH M04-2026,RECURRING,__NONE__,SMPLRM1,SMPLCS1,CREDITED,True,1,202604,REAL
SMPLTRD00009|1,SMPLTRD00009,1,SMPL001,202604,ADV|FEE,SMPLACCT-1106,2026-04-27 00:00:00,2026-04-28 00:00:00,3200.0,3200.0,1.0,58.0,58.0,None,0.0,0.0,0.0,ace,MONTH M04-2026,RECURRING,__NONE__,SMPLRM1,SMPLCS1,CREDITED,True,1,202604,REAL
SMPLTRD00010|1,SMPLTRD00010,1,SMPL001,202604,MFT|12B1,SMPLACCT-1107,2026-04-25 00:00:00,2026-04-26 00:00:00,2150,2150.0,1.0,25.0,25.0,None,0.0,0.0,0.0,mf_12b1,MONTH M04-2026,RECURRING,__NONE__,SMPLRM1,SMPLCS1,CREDITED,True,1,202604,REAL
SMPLTRD00011|1,SMPLTRD00011,1,SMPL001,202604,MFT|12B1,SMPLACCT-1107,2026-04-26 00:00:00,2026-04-27 00:00:00,-130,-130.0,1.0,25.0,25.0,None,0.0,0.0,0.0,mf_12b1,MONTH M04-2026 REVERSAL,RECURRING,__NONE__,SMPLRM1,SMPLCS1,CREDITED,True,1,202604,REAL
SMPLTRD00012|1,SMPLTRD00012,1,SMPL001,202604,ANNU|TRL,SMPLACCT-1105,2026-04-23 00:00:00,2026-04-24 00:00:00,-98,-98.0,1.0,0.0,0.0,None,0.0,0.0,0.0,l_a_btr,MONTH M04-2026 ANNUITY REVERSAL,RECURRING,__NONE__,SMPLRM1,SMPLCS1,CREDITED,True,1,202604,REAL
SMPLTRD00013|1,SMPLTRD00013,1,SMPL001,202604,MAC|QFEE,SMPLACCT-1102,2026-04-15 00:00:00,2026-04-16 00:00:00,7000,7000.0,1.0,120.0,120.0,None,0.0,0.0,0.0,ace,QUARTERLY BILLING M04-2026,RECURRING,__NONE__,SMPLRM1,SMPLCS1,CREDITED,True,1,202604,REAL
SMPLTRD00014|1,SMPLTRD00014,1,SMPL001,202604,ANNU|TRL,SMPLACCT-1105,2026-04-22 00:00:00,2026-04-23 00:00:00,650,650.0,1.0,0.0,0.0,None,0.0,0.0,0.0,l_a_btr,ANNUITY TRAIL,RECURRING,__NONE__,SMPLRM1,SMPLCS1,CREDITED,True,1,202604,REAL
SMPLTRD00015|1,SMPLTRD00015,1,SMPL001,202604,MF|COMM,SMPLACCT-1103,2026-04-16 00:00:00,2026-04-17 00:00:00,385,385.0,1.0,0.0,0.0,None,0.0,0.0,0.0,ace,MUTUAL FUND COMMISSION,RECURRING,__NONE__,SMPLRM1,SMPLCS1,CREDITED,True,1,202604,REAL
SMPLTRD00016|1,SMPLTRD00016,1,SMPL001,202604,CASH|CD,SMPLACCT-1108,2026-04-19 00:00:00,2026-04-20 00:00:00,240,240.0,1.0,0.0,0.0,None,0.0,0.0,0.0,ace,BROKERED CD COMMISSION,RECURRING,__NONE__,SMPLRM1,SMPLCS1,CREDITED,True,1,202604,REAL
SMPLTRD00017|1,SMPLTRD00017,1,SMPL001,202604,EQ|COMM,SMPLACCT-1106,2026-04-03 00:00:00,2026-04-04 00:00:00,122.22,122.22,1.0,0.0,0.0,None,0.0,0.0,0.0,ace,EQUITY TRADE COMMISSION,RECURRING,91,SMPLRM1,SMPLCS1,NON_CREDITED,False,1,202604,REAL
SMPLTRD00018|1,SMPLTRD00018,1,SMPL001,202604,EQ|COMM,SMPLACCT-1107,2026-04-05 00:00:00,2026-04-06 00:00:00,163.86,163.86,1.0,0.0,0.0,None,0.0,0.0,0.0,ace,EQUITY TRADE COMMISSION,RECURRING,__NONE__,SMPLRM1,SMPLCS1,CREDITED,True,1,202604,REAL
SMPLTRD00019|1,SMPLTRD00019,1,SMPL001,202604,EQ|COMM,SMPLACCT-1108,2026-04-07 00:00:00,2026-04-08 00:00:00,130.24,130.24,1.0,0.0,0.0,None,0.0,0.0,0.0,ace,EQUITY TRADE COMMISSION,RECURRING,__NONE__,SMPLRM1,SMPLCS1,CREDITED,True,1,202604,REAL
SMPLTRD00020|1,SMPLTRD00020,1,SMPL001,202604,EQ|COMM,SMPLACCT-1106,2026-04-09 00:00:00,2026-04-10 00:00:00,129.78,129.78,1.0,0.0,0.0,None,0.0,0.0,0.0,ace,EQUITY TRADE COMMISSION,RECURRING,__NONE__,SMPLRM1,SMPLCS1,CREDITED,True,1,202604,REAL
SMPLTRD00021|1,SMPLTRD00021,1,SMPL001,202604,EQ|COMM,SMPLACCT-1107,2026-04-11 00:00:00,2026-04-12 00:00:00,151.07,151.07,1.0,0.0,0.0,None,0.0,0.0,0.0,ace,EQUITY TRADE COMMISSION,RECURRING,__NONE__,SMPLRM1,SMPLCS1,CREDITED,True,1,202604,REAL
SMPLTRD00022|1,SMPLTRD00022,1,SMPL001,202604,EQ|COMM,SMPLACCT-1108,2026-04-13 00:00:00,2026-04-14 00:00:00,144.67,144.67,1.0,0.0,0.0,None,0.0,0.0,0.0,ace,EQUITY TRADE COMMISSION,RECURRING,__NONE__,SMPLRM1,SMPLCS1,CREDITED,True,1,202604,REAL
SMPLTRD00023|1,SMPLTRD00023,1,SMPL001,202604,EQ|COMM,SMPLACCT-1106,2026-04-15 00:00:00,2026-04-16 00:00:00,119.22,119.22,1.0,0.0,0.0,None,0.0,0.0,0.0,ace,EQUITY TRADE COMMISSION,RECURRING,__NONE__,SMPLRM1,SMPLCS1,CREDITED,True,1,202604,REAL
SMPLTRD00024|1,SMPLTRD00024,1,SMPL001,202604,EQ|COMM,SMPLACCT-1107,2026-04-17 00:00:00,2026-04-18 00:00:00,138.69,138.69,1.0,0.0,0.0,None,0.0,0.0,0.0,ace,EQUITY TRADE COMMISSION,RECURRING,__NONE__,SMPLRM1,SMPLCS1,CREDITED,True,1,202604,REAL
SMPLTRD00025|1,SMPLTRD00025,1,SMPL001,202604,MF|COMM,SMPLACCT-1103,2026-04-11 00:00:00,2026-04-12 00:00:00,107,107.0,1.0,0.0,0.0,None,0.0,0.0,0.0,ace,MUTUAL FUND COMMISSION BELOW MINIMUM,RECURRING,92,SMPLRM1,SMPLCS1,NON_CREDITED,False,1,202604,REAL
SMPLTRD00026|1,SMPLTRD00026,1,SMPL001,202604,CASH|SWP,SMPLACCT-1108,2026-04-24 00:00:00,2026-04-25 00:00:00,1600.0,1600.0,1.0,18.0,18.0,None,0.0,0.0,1070000,money_mkt,MONTH M04-2026,RECURRING,__NONE__,SMPLRM1,SMPLCS1,CREDITED,True,1,202604,REAL
SMPLTRD00027|1,SMPLTRD00027,1,SMPL001,202605,UMA|FEE,SMPLACCT-1101,2026-05-28 00:00:00,2026-05-29 00:00:00,5755.91,5755.91,1.0,82.0,82.0,None,0.0,0.0,0.0,ace,MONTH M05-2026,RECURRING,__NONE__,SMPLRM1,SMPLCS1,CREDITED,True,1,202605,REAL
SMPLTRD00028|1,SMPLTRD00028,1,SMPL001,202605,UMA|FEE,SMPLACCT-1102,2026-05-28 00:00:00,2026-05-29 00:00:00,5880.0,5880.0,1.0,82.0,82.0,None,0.0,0.0,0.0,ace,MONTH M05-2026,RECURRING,__NONE__,SMPLRM1,SMPLCS1,CREDITED,True,1,202605,REAL
SMPLTRD00029|1,SMPLTRD00029,1,SMPL001,202605,UMA|FEE,SMPLACCT-1103,2026-05-28 00:00:00,2026-05-29 00:00:00,6004.09,6004.09,1.0,82.0,82.0,None,0.0,0.0,0.0,ace,MONTH M05-2026,RECURRING,__NONE__,SMPLRM1,SMPLCS1,CREDITED,True,1,202605,REAL
SMPLTRD00030|1,SMPLTRD00030,1,SMPL001,202605,UMA|FEE,SMPLACCT-1104,2026-05-28 00:00:00,2026-05-29 00:00:00,6128.18,6128.18,1.0,82.0,82.0,None,0.0,0.0,0.0,ace,MONTH M05-2026,RECURRING,__NONE__,SMPLRM1,SMPLCS1,CREDITED,True,1,202605,REAL
SMPLTRD00031|1,SMPLTRD00031,1,SMPL001,202605,UMA|PAYS,SMPLACCT-1101,2026-05-28 00:00:00,2026-05-29 00:00:00,19090.91,19090.91,1.0,0.0,0.0,None,0.0,0.0,0.0,ace,PAY TYPE SUMMARY,RECURRING,__NONE__,SMPLRM1,SMPLCS1,CREDITED,True,1,202605,REAL
SMPLTRD00032|1,SMPLTRD00032,1,SMPL001,202605,JPMCAP|FEE,SMPLACCT-1105,2026-05-27 00:00:00,2026-05-28 00:00:00,3818.18,3818.18,1.0,65.0,65.0,None,0.0,0.0,0.0,ace,MONTH M05-2026,RECURRING,__NONE__,SMPLRM1,SMPLCS1,CREDITED,True,1,202605,REAL
SMPLTRD00033|1,SMPLTRD00033,1,SMPL001,202605,ADV|FEE,SMPLACCT-1106,2026-05-27 00:00:00,2026-05-28 00:00:00,3054.55,3054.55,1.0,58.0,58.0,None,0.0,0.0,0.0,ace,MONTH M05-2026,RECURRING,__NONE__,SMPLRM1,SMPLCS1,CREDITED,True,1,202605,REAL
SMPLTRD00034|1,SMPLTRD00034,1,SMPL001,202605,MFT|12B1,SMPLACCT-1107,2026-05-25 00:00:00,2026-05-26 00:00:00,2150,2150.0,1.0,25.0,25.0,None,0.0,0.0,0.0,mf_12b1,MONTH M05-2026,RECURRING,__NONE__,SMPLRM1,SMPLCS1,CREDITED,True,1,202605,REAL
SMPLTRD00035|1,SMPLTRD00035,1,SMPL001,202605,MFT|12B1,SMPLACCT-1107,2026-05-26 00:00:00,2026-05-27 00:00:00,-130,-130.0,1.0,25.0,25.0,None,0.0,0.0,0.0,mf_12b1,MONTH M05-2026 REVERSAL,RECURRING,__NONE__,SMPLRM1,SMPLCS1,CREDITED,True,1,202605,REAL
SMPLTRD00036|1,SMPLTRD00036,1,SMPL001,202605,MFT|12B1,SMPLACCT-1107,2026-05-26 00:00:00,2026-05-27 00:00:00,-165,-165.0,1.0,25.0,25.0,None,0.0,0.0,0.0,mf_12b1,MONTH M05-2026 REVERSAL,RECURRING,__NONE__,SMPLRM1,SMPLCS1,CREDITED,True,1,202605,REAL
SMPLTRD00037|1,SMPLTRD00037,1,SMPL001,202605,ANNU|TRL,SMPLACCT-1105,2026-05-23 00:00:00,2026-05-24 00:00:00,-98,-98.0,1.0,0.0,0.0,None,0.0,0.0,0.0,l_a_btr,MONTH M05-2026 ANNUITY REVERSAL,RECURRING,__NONE__,SMPLRM1,SMPLCS1,CREDITED,True,1,202605,REAL
SMPLTRD00038|1,SMPLTRD00038,1,SMPL001,202605,ANNU|TRL,SMPLACCT-1105,2026-05-23 00:00:00,2026-05-24 00:00:00,-123,-123.0,1.0,0.0,0.0,None,0.0,0.0,0.0,l_a_btr,MONTH M05-2026 ANNUITY REVERSAL,RECURRING,__NONE__,SMPLRM1,SMPLCS1,CREDITED,True,1,202605,REAL
SMPLTRD00039|1,SMPLTRD00039,1,SMPL001,202605,STRP|SYND,SMPLACCT-1101,2026-05-12 00:00:00,2026-05-13 00:00:00,12300,12300.0,1.0,0.0,0.0,None,0.0,0.0,0.0,twhs,SYNDICATE ALLOCATION,ONE_TIME,__NONE__,SMPLRM1,SMPLCS1,CREDITED,True,1,202605,REAL
SMPLTRD00040|1,SMPLTRD00040,1,SMPL001,202605,STRP|SYND,SMPLACCT-1101,2026-05-13 00:00:00,2026-05-14 00:00:00,13500,13500.0,1.0,0.0,0.0,None,0.0,0.0,0.0,twhs,SYNDICATE ALLOCATION,ONE_TIME,__NONE__,SMPLRM1,SMPLCS1,CREDITED,True,1,202605,REAL
SMPLTRD00041|1,SMPLTRD00041,1,SMPL001,202605,STRP|SYND,SMPLACCT-1101,2026-05-14 00:00:00,2026-05-15 00:00:00,14700,14700.0,1.0,0.0,0.0,None,0.0,0.0,0.0,twhs,SYNDICATE ALLOCATION,ONE_TIME,__NONE__,SMPLRM1,SMPLCS1,CREDITED,True,1,202605,REAL
SMPLTRD00042|1,SMPLTRD00042,1,SMPL001,202605,ANNU|TRL,SMPLACCT-1105,2026-05-22 00:00:00,2026-05-23 00:00:00,650,650.0,1.0,0.0,0.0,None,0.0,0.0,0.0,l_a_btr,ANNUITY TRAIL,RECURRING,__NONE__,SMPLRM1,SMPLCS1,CREDITED,True,1,202605,REAL
SMPLTRD00043|1,SMPLTRD00043,1,SMPL001,202605,MF|COMM,SMPLACCT-1103,2026-05-16 00:00:00,2026-05-17 00:00:00,385,385.0,1.0,0.0,0.0,None,0.0,0.0,0.0,ace,MUTUAL FUND COMMISSION,RECURRING,__NONE__,SMPLRM1,SMPLCS1,CREDITED,True,1,202605,REAL
SMPLTRD00044|1,SMPLTRD00044,1,SMPL001,202605,CASH|CD,SMPLACCT-1108,2026-05-19 00:00:00,2026-05-20 00:00:00,240,240.0,1.0,0.0,0.0,None,0.0,0.0,0.0,ace,BROKERED CD COMMISSION,RECURRING,__NONE__,SMPLRM1,SMPLCS1,CREDITED,True,1,202605,REAL
SMPLTRD00045|1,SMPLTRD00045,1,SMPL001,202605,EQ|COMM,SMPLACCT-1106,2026-05-03 00:00:00,2026-05-04 00:00:00,125.51,125.51,1.0,0.0,0.0,None,0.0,0.0,0.0,ace,EQUITY TRADE COMMISSION,RECURRING,91,SMPLRM1,SMPLCS1,NON_CREDITED,False,1,202605,REAL
SMPLTRD00046|1,SMPLTRD00046,1,SMPL001,202605,EQ|COMM,SMPLACCT-1107,2026-05-05 00:00:00,2026-05-06 00:00:00,119.73,119.73,1.0,0.0,0.0,None,0.0,0.0,0.0,ace,EQUITY TRADE COMMISSION,RECURRING,__NONE__,SMPLRM1,SMPLCS1,CREDITED,True,1,202605,REAL
SMPLTRD00047|1,SMPLTRD00047,1,SMPL001,202605,EQ|COMM,SMPLACCT-1108,2026-05-07 00:00:00,2026-05-08 00:00:00,122.61,122.61,1.0,0.0,0.0,None,0.0,0.0,0.0,ace,EQUITY TRADE COMMISSION,RECURRING,__NONE__,SMPLRM1,SMPLCS1,CREDITED,True,1,202605,REAL
SMPLTRD00048|1,SMPLTRD00048,1,SMPL001,202605,EQ|COMM,SMPLACCT-1106,2026-05-09 00:00:00,2026-05-10 00:00:00,131.62,131.62,1.0,0.0,0.0,None,0.0,0.0,0.0,ace,EQUITY TRADE COMMISSION,RECURRING,__NONE__,SMPLRM1,SMPLCS1,CREDITED,True,1,202605,REAL
SMPLTRD00049|1,SMPLTRD00049,1,SMPL001,202605,EQ|COMM,SMPLACCT-1107,2026-05-11 00:00:00,2026-05-12 00:00:00,115.22,115.22,1.0,0.0,0.0,None,0.0,0.0,0.0,ace,EQUITY TRADE COMMISSION,RECURRING,__NONE__,SMPLRM1,SMPLCS1,CREDITED,True,1,202605,REAL
SMPLTRD00050|1,SMPLTRD00050,1,SMPL001,202605,MF|COMM,SMPLACCT-1103,2026-05-11 00:00:00,2026-05-12 00:00:00,107,107.0,1.0,0.0,0.0,None,0.0,0.0,0.0,ace,MUTUAL FUND COMMISSION BELOW MINIMUM,RECURRING,92,SMPLRM1,SMPLCS1,NON_CREDITED,False,1,202605,REAL
SMPLTRD00051|1,SMPLTRD00051,1,SMPL001,202605,MF|COMM,SMPLACCT-1103,2026-05-12 00:00:00,2026-05-13 00:00:00,116,116.0,1.0,0.0,0.0,None,0.0,0.0,0.0,ace,MUTUAL FUND COMMISSION BELOW MINIMUM,RECURRING,92,SMPLRM1,SMPLCS1,NON_CREDITED,False,1,202605,REAL
SMPLTRD00052|1,SMPLTRD00052,1,SMPL001,202605,CASH|SWP,SMPLACCT-1108,2026-05-24 00:00:00,2026-05-25 00:00:00,1600.0,1600.0,1.0,18.0,18.0,None,0.0,0.0,1070000,money_mkt,MONTH M05-2026,RECURRING,__NONE__,SMPLRM1,SMPLCS1,CREDITED,True,1,202605,REAL
SMPLTRD00053|1,SMPLTRD00053,1,SMPL001,202606,UMA|FEE,SMPLACCT-1101,2026-06-28 00:00:00,2026-06-29 00:00:00,6030.0,6030.0,1.0,82.0,82.0,None,0.0,0.0,0.0,ace,MONTH M06-2026,RECURRING,__NONE__,SMPLRM1,SMPLCS1,CREDITED,True,1,202606,REAL
SMPLTRD00054|1,SMPLTRD00054,1,SMPL001,202606,UMA|FEE,SMPLACCT-1102,2026-06-28 00:00:00,2026-06-29 00:00:00,6160.0,6160.0,1.0,82.0,82.0,None,0.0,0.0,0.0,ace,MONTH M06-2026,RECURRING,__NONE__,SMPLRM1,SMPLCS1,CREDITED,True,1,202606,REAL
SMPLTRD00055|1,SMPLTRD00055,1,SMPL001,202606,UMA|FEE,SMPLACCT-1103,2026-06-28 00:00:00,2026-06-29 00:00:00,6290.0,6290.0,1.0,82.0,82.0,None,0.0,0.0,0.0,ace,MONTH M06-2026,RECURRING,9E,SMPLRM1,SMPLCS1,NON_CREDITED,False,1,202606,REAL
SMPLTRD00056|1,SMPLTRD00056,1,SMPL001,202606,UMA|FEE,SMPLACCT-1104,2026-06-28 00:00:00,2026-06-29 00:00:00,6420.0,6420.0,1.0,82.0,82.0,None,0.0,0.0,0.0,ace,MONTH M06-2026,RECURRING,__NONE__,SMPLRM1,SMPLCS1,CREDITED,True,1,202606,REAL
SMPLTRD00057|1,SMPLTRD00057,1,SMPL001,202606,UMA|FEE,SMPLACCT-1109,2026-06-28 00:00:00,2026-06-29 00:00:00,4450,4450.0,1.0,82.0,82.0,None,0.0,0.0,0.0,ace,MONTH M06-2026,RECURRING,__NONE__,SMPLRM1,SMPLCS1,CREDITED,True,1,202606,REAL
SMPLTRD00058|1,SMPLTRD00058,1,SMPL001,202606,UMA|FEE,SMPLACCT-1111,2026-06-18 00:00:00,2026-06-19 00:00:00,480,480.0,1.0,82.0,82.0,None,0.0,0.0,0.0,ace,MONTH M06-2026,RECURRING,__NONE__,SMPLRM1,SMPLCS1,CREDITED,True,1,202606,REAL
SMPLTRD00059|1,SMPLTRD00059,1,SMPL001,202606,UMA|PAYS,SMPLACCT-1101,2026-06-28 00:00:00,2026-06-29 00:00:00,20000.0,20000.0,1.0,0.0,0.0,None,0.0,0.0,0.0,ace,PAY TYPE SUMMARY,RECURRING,__NONE__,SMPLRM1,SMPLCS1,CREDITED,True,1,202606,REAL
SMPLTRD00060|1,SMPLTRD00060,1,SMPL001,202606,JPMCAP|FEE,SMPLACCT-1105,2026-06-27 00:00:00,2026-06-28 00:00:00,4000.0,4000.0,1.0,65.0,65.0,None,0.0,0.0,0.0,ace,MONTH M06-2026,RECURRING,__NONE__,SMPLRM1,SMPLCS1,CREDITED,True,1,202606,REAL
SMPLTRD00061|1,SMPLTRD00061,1,SMPL001,202606,ADV|FEE,SMPLACCT-1106,2026-06-27 00:00:00,2026-06-28 00:00:00,3200.0,3200.0,1.0,58.0,58.0,None,0.0,0.0,0.0,ace,MONTH M06-2026,RECURRING,__NONE__,SMPLRM1,SMPLCS1,CREDITED,True,1,202606,REAL
SMPLTRD00062|1,SMPLTRD00062,1,SMPL001,202606,MFT|12B1,SMPLACCT-1107,2026-06-25 00:00:00,2026-06-26 00:00:00,2150,2150.0,1.0,25.0,25.0,None,0.0,0.0,0.0,mf_12b1,MONTH M06-2026,RECURRING,__NONE__,SMPLRM1,SMPLCS1,CREDITED,True,1,202606,REAL
SMPLTRD00063|1,SMPLTRD00063,1,SMPL001,202606,MFT|12B1,SMPLACCT-1107,2026-06-26 00:00:00,2026-06-27 00:00:00,-130,-130.0,1.0,25.0,25.0,None,0.0,0.0,0.0,mf_12b1,MONTH M06-2026 REVERSAL,RECURRING,__NONE__,SMPLRM1,SMPLCS1,CREDITED,True,1,202606,REAL
SMPLTRD00064|1,SMPLTRD00064,1,SMPL001,202606,MFT|12B1,SMPLACCT-1107,2026-06-26 00:00:00,2026-06-27 00:00:00,-165,-165.0,1.0,25.0,25.0,None,0.0,0.0,0.0,mf_12b1,MONTH M06-2026 REVERSAL,RECURRING,__NONE__,SMPLRM1,SMPLCS1,CREDITED,True,1,202606,REAL
SMPLTRD00065|1,SMPLTRD00065,1,SMPL001,202606,MFT|12B1,SMPLACCT-1107,2026-06-26 00:00:00,2026-06-27 00:00:00,-200,-200.0,1.0,25.0,25.0,None,0.0,0.0,0.0,mf_12b1,MONTH M06-2026 REVERSAL,RECURRING,__NONE__,SMPLRM1,SMPLCS1,CREDITED,True,1,202606,REAL
SMPLTRD00066|1,SMPLTRD00066,1,SMPL001,202606,MFT|12B1,SMPLACCT-1107,2026-06-26 00:00:00,2026-06-27 00:00:00,-235,-235.0,1.0,25.0,25.0,None,0.0,0.0,0.0,mf_12b1,MONTH M06-2026 REVERSAL,RECURRING,__NONE__,SMPLRM1,SMPLCS1,CREDITED,True,1,202606,REAL
SMPLTRD00067|1,SMPLTRD00067,1,SMPL001,202606,ANNU|TRL,SMPLACCT-1105,2026-06-23 00:00:00,2026-06-24 00:00:00,-98,-98.0,1.0,0.0,0.0,None,0.0,0.0,0.0,l_a_btr,MONTH M06-2026 ANNUITY REVERSAL,RECURRING,__NONE__,SMPLRM1,SMPLCS1,CREDITED,True,1,202606,REAL
SMPLTRD00068|1,SMPLTRD00068,1,SMPL001,202606,ANNU|TRL,SMPLACCT-1105,2026-06-23 00:00:00,2026-06-24 00:00:00,-123,-123.0,1.0,0.0,0.0,None,0.0,0.0,0.0,l_a_btr,MONTH M06-2026 ANNUITY REVERSAL,RECURRING,__NONE__,SMPLRM1,SMPLCS1,CREDITED,True,1,202606,REAL
SMPLTRD00069|1,SMPLTRD00069,1,SMPL001,202606,ANNU|TRL,SMPLACCT-1105,2026-06-23 00:00:00,2026-06-24 00:00:00,-148,-148.0,1.0,0.0,0.0,None,0.0,0.0,0.0,l_a_btr,MONTH M06-2026 ANNUITY REVERSAL,RECURRING,__NONE__,SMPLRM1,SMPLCS1,CREDITED,True,1,202606,REAL
SMPLTRD00070|1,SMPLTRD00070,1,SMPL001,202606,MAC|QFEE,SMPLACCT-1102,2026-06-15 00:00:00,2026-06-16 00:00:00,7000,7000.0,1.0,120.0,120.0,None,0.0,0.0,0.0,ace,QUARTERLY BILLING M06-2026,RECURRING,__NONE__,SMPLRM1,SMPLCS1,CREDITED,True,1,202606,REAL
SMPLTRD00071|1,SMPLTRD00071,1,SMPL001,202606,ANNU|TRL,SMPLACCT-1105,2026-06-22 00:00:00,2026-06-23 00:00:00,650,650.0,1.0,0.0,0.0,None,0.0,0.0,0.0,l_a_btr,ANNUITY TRAIL,RECURRING,__NONE__,SMPLRM1,SMPLCS1,CREDITED,True,1,202606,REAL
SMPLTRD00072|1,SMPLTRD00072,1,SMPL001,202606,MF|COMM,SMPLACCT-1103,2026-06-16 00:00:00,2026-06-17 00:00:00,385,385.0,1.0,0.0,0.0,None,0.0,0.0,0.0,ace,MUTUAL FUND COMMISSION,RECURRING,__NONE__,SMPLRM1,SMPLCS1,CREDITED,True,1,202606,REAL
SMPLTRD00073|1,SMPLTRD00073,1,SMPL001,202606,CASH|CD,SMPLACCT-1108,2026-06-19 00:00:00,2026-06-20 00:00:00,240,240.0,1.0,0.0,0.0,None,0.0,0.0,0.0,ace,BROKERED CD COMMISSION,RECURRING,__NONE__,SMPLRM1,SMPLCS1,CREDITED,True,1,202606,REAL
SMPLTRD00074|1,SMPLTRD00074,1,SMPL001,202606,EQ|COMM,SMPLACCT-1106,2026-06-03 00:00:00,2026-06-04 00:00:00,148.5,148.5,1.0,0.0,0.0,None,0.0,0.0,0.0,ace,EQUITY TRADE COMMISSION,RECURRING,91,SMPLRM1,SMPLCS1,NON_CREDITED,False,1,202606,REAL
SMPLTRD00075|1,SMPLTRD00075,1,SMPL001,202606,EQ|COMM,SMPLACCT-1107,2026-06-05 00:00:00,2026-06-06 00:00:00,127.73,127.73,1.0,0.0,0.0,None,0.0,0.0,0.0,ace,EQUITY TRADE COMMISSION,RECURRING,__NONE__,SMPLRM1,SMPLCS1,CREDITED,True,1,202606,REAL
SMPLTRD00076|1,SMPLTRD00076,1,SMPL001,202606,EQ|COMM,SMPLACCT-1108,2026-06-07 00:00:00,2026-06-08 00:00:00,128.63,128.63,1.0,0.0,0.0,None,0.0,0.0,0.0,ace,EQUITY TRADE COMMISSION,RECURRING,__NONE__,SMPLRM1,SMPLCS1,CREDITED,True,1,202606,REAL
SMPLTRD00077|1,SMPLTRD00077,1,SMPL001,202606,EQ|COMM,SMPLACCT-1106,2026-06-09 00:00:00,2026-06-10 00:00:00,134.15,134.15,1.0,0.0,0.0,None,0.0,0.0,0.0,ace,EQUITY TRADE COMMISSION,RECURRING,__NONE__,SMPLRM1,SMPLCS1,CREDITED,True,1,202606,REAL
SMPLTRD00078|1,SMPLTRD00078,1,SMPL001,202606,EQ|COMM,SMPLACCT-1107,2026-06-11 00:00:00,2026-06-12 00:00:00,163.47,163.47,1.0,0.0,0.0,None,0.0,0.0,0.0,ace,EQUITY TRADE COMMISSION,RECURRING,__NONE__,SMPLRM1,SMPLCS1,CREDITED,True,1,202606,REAL
SMPLTRD00079|1,SMPLTRD00079,1,SMPL001,202606,EQ|COMM,SMPLACCT-1108,2026-06-13 00:00:00,2026-06-14 00:00:00,163.75,163.75,1.0,0.0,0.0,None,0.0,0.0,0.0,ace,EQUITY TRADE COMMISSION,RECURRING,__NONE__,SMPLRM1,SMPLCS1,CREDITED,True,1,202606,REAL
SMPLTRD00080|1,SMPLTRD00080,1,SMPL001,202606,EQ|COMM,SMPLACCT-1106,2026-06-15 00:00:00,2026-06-16 00:00:00,117.39,117.39,1.0,0.0,0.0,None,0.0,0.0,0.0,ace,EQUITY TRADE COMMISSION,RECURRING,__NONE__,SMPLRM1,SMPLCS1,CREDITED,True,1,202606,REAL
SMPLTRD00081|1,SMPLTRD00081,1,SMPL001,202606,EQ|COMM,SMPLACCT-1107,2026-06-17 00:00:00,2026-06-18 00:00:00,141.15,141.15,1.0,0.0,0.0,None,0.0,0.0,0.0,ace,EQUITY TRADE COMMISSION,RECURRING,__NONE__,SMPLRM1,SMPLCS1,CREDITED,True,1,202606,REAL
SMPLTRD00082|1,SMPLTRD00082,1,SMPL001,202606,EQ|COMM,SMPLACCT-1108,2026-06-19 00:00:00,2026-06-20 00:00:00,136.52,136.52,1.0,0.0,0.0,None,0.0,0.0,0.0,ace,EQUITY TRADE COMMISSION,RECURRING,__NONE__,SMPLRM1,SMPLCS1,CREDITED,True,1,202606,REAL
SMPLTRD00083|1,SMPLTRD00083,1,SMPL001,202606,MF|COMM,SMPLACCT-1103,2026-06-11 00:00:00,2026-06-12 00:00:00,107,107.0,1.0,0.0,0.0,None,0.0,0.0,0.0,ace,MUTUAL FUND COMMISSION BELOW MINIMUM,RECURRING,92,SMPLRM1,SMPLCS1,NON_CREDITED,False,1,202606,REAL
SMPLTRD00084|1,SMPLTRD00084,1,SMPL001,202606,MF|COMM,SMPLACCT-1103,2026-06-12 00:00:00,2026-06-13 00:00:00,116,116.0,1.0,0.0,0.0,None,0.0,0.0,0.0,ace,MUTUAL FUND COMMISSION BELOW MINIMUM,RECURRING,92,SMPLRM1,SMPLCS1,NON_CREDITED,False,1,202606,REAL
SMPLTRD00085|1,SMPLTRD00085,1,SMPL001,202606,CASH|SWP,SMPLACCT-1108,2026-06-24 00:00:00,2026-06-25 00:00:00,1600.0,1600.0,1.0,18.0,18.0,None,0.0,0.0,1070000,money_mkt,MONTH M06-2026,RECURRING,__NONE__,SMPLRM1,SMPLCS1,CREDITED,True,1,202606,REAL
SMPLTRD00086|1,SMPLTRD00086,1,SMPL001,202607,UMA|FEE,SMPLACCT-1101,2026-07-28 00:00:00,2026-07-29 00:00:00,6030.0,6030.0,1.0,82.0,82.0,None,0.0,0.0,0.0,ace,MONTH M07-2026,RECURRING,__NONE__,SMPLRM1,SMPLCS1,CREDITED,True,1,202607,REAL
SMPLTRD00087|1,SMPLTRD00087,1,SMPL001,202607,UMA|FEE,SMPLACCT-1102,2026-07-28 00:00:00,2026-07-29 00:00:00,6160.0,6160.0,1.0,82.0,82.0,None,0.0,0.0,0.0,ace,MONTH M07-2026,RECURRING,__NONE__,SMPLRM1,SMPLCS1,CREDITED,True,1,202607,REAL
SMPLTRD00088|1,SMPLTRD00088,1,SMPL001,202607,UMA|FEE,SMPLACCT-1103,2026-07-28 00:00:00,2026-07-29 00:00:00,6290.0,6290.0,1.0,82.0,82.0,None,0.0,0.0,0.0,ace,MONTH M07-2026,RECURRING,9E,SMPLRM1,SMPLCS1,NON_CREDITED,False,1,202607,REAL
SMPLTRD00089|1,SMPLTRD00089,1,SMPL001,202607,UMA|FEE,SMPLACCT-1109,2026-07-28 00:00:00,2026-07-29 00:00:00,4450,4450.0,1.0,82.0,82.0,None,0.0,0.0,0.0,ace,MONTH M07-2026,RECURRING,__NONE__,SMPLRM1,SMPLCS1,CREDITED,True,1,202607,REAL
SMPLTRD00090|1,SMPLTRD00090,1,SMPL001,202607,UMA|FEE,SMPLACCT-1111,2026-07-18 00:00:00,2026-07-19 00:00:00,480,480.0,1.0,82.0,82.0,None,0.0,0.0,0.0,ace,MONTH M07-2026,RECURRING,__NONE__,SMPLRM1,SMPLCS1,CREDITED,True,1,202607,REAL
SMPLTRD00091|1,SMPLTRD00091,1,SMPL001,202607,UMA|PAYS,SMPLACCT-1101,2026-07-28 00:00:00,2026-07-29 00:00:00,20000.0,20000.0,1.0,0.0,0.0,None,0.0,0.0,0.0,ace,PAY TYPE SUMMARY,RECURRING,__NONE__,SMPLRM1,SMPLCS1,CREDITED,True,1,202607,REAL
SMPLTRD00092|1,SMPLTRD00092,1,SMPL001,202607,JPMCAP|FEE,SMPLACCT-1105,2026-07-27 00:00:00,2026-07-28 00:00:00,4000.0,4000.0,1.0,65.0,65.0,None,0.0,0.0,0.0,ace,MONTH M07-2026,RECURRING,__NONE__,SMPLRM1,SMPLCS1,CREDITED,True,1,202607,REAL
SMPLTRD00093|1,SMPLTRD00093,1,SMPL001,202607,ADV|FEE,SMPLACCT-1106,2026-07-27 00:00:00,2026-07-28 00:00:00,3200.0,3200.0,1.0,58.0,58.0,None,0.0,0.0,0.0,ace,MONTH M07-2026,RECURRING,__NONE__,SMPLRM1,SMPLCS1,CREDITED,True,1,202607,REAL
SMPLTRD00094|1,SMPLTRD00094,1,SMPL001,202607,MFT|12B1,SMPLACCT-1107,2026-07-25 00:00:00,2026-07-26 00:00:00,2150,2150.0,1.0,25.0,25.0,None,0.0,0.0,0.0,mf_12b1,MONTH M07-2026,RECURRING,__NONE__,SMPLRM1,SMPLCS1,CREDITED,True,1,202607,REAL
SMPLTRD00095|1,SMPLTRD00095,1,SMPL001,202607,MFT|12B1,SMPLACCT-1107,2026-07-26 00:00:00,2026-07-27 00:00:00,-130,-130.0,1.0,25.0,25.0,None,0.0,0.0,0.0,mf_12b1,MONTH M07-2026 REVERSAL,RECURRING,__NONE__,SMPLRM1,SMPLCS1,CREDITED,True,1,202607,REAL
SMPLTRD00096|1,SMPLTRD00096,1,SMPL001,202607,MFT|12B1,SMPLACCT-1107,2026-07-26 00:00:00,2026-07-27 00:00:00,-165,-165.0,1.0,25.0,25.0,None,0.0,0.0,0.0,mf_12b1,MONTH M07-2026 REVERSAL,RECURRING,__NONE__,SMPLRM1,SMPLCS1,CREDITED,True,1,202607,REAL
SMPLTRD00097|1,SMPLTRD00097,1,SMPL001,202607,MFT|12B1,SMPLACCT-1107,2026-07-26 00:00:00,2026-07-27 00:00:00,-200,-200.0,1.0,25.0,25.0,None,0.0,0.0,0.0,mf_12b1,MONTH M07-2026 REVERSAL,RECURRING,__NONE__,SMPLRM1,SMPLCS1,CREDITED,True,1,202607,REAL
SMPLTRD00098|1,SMPLTRD00098,1,SMPL001,202607,ANNU|TRL,SMPLACCT-1105,2026-07-23 00:00:00,2026-07-24 00:00:00,-98,-98.0,1.0,0.0,0.0,None,0.0,0.0,0.0,l_a_btr,MONTH M07-2026 ANNUITY REVERSAL,RECURRING,__NONE__,SMPLRM1,SMPLCS1,CREDITED,True,1,202607,REAL
SMPLTRD00099|1,SMPLTRD00099,1,SMPL001,202607,ANNU|TRL,SMPLACCT-1105,2026-07-23 00:00:00,2026-07-24 00:00:00,-123,-123.0,1.0,0.0,0.0,None,0.0,0.0,0.0,l_a_btr,MONTH M07-2026 ANNUITY REVERSAL,RECURRING,__NONE__,SMPLRM1,SMPLCS1,CREDITED,True,1,202607,REAL
SMPLTRD00100|1,SMPLTRD00100,1,SMPL001,202607,STRP|SYND,SMPLACCT-1101,2026-07-10 00:00:00,2026-07-11 00:00:00,14200,14200.0,1.0,0.0,0.0,None,0.0,0.0,0.0,twhs,SYNDICATE ALLOCATION JULY,ONE_TIME,__NONE__,SMPLRM1,SMPLCS1,CREDITED,True,1,202607,REAL
SMPLTRD00101|1,SMPLTRD00101,1,SMPL001,202607,STRP|SYND,SMPLACCT-1101,2026-07-11 00:00:00,2026-07-12 00:00:00,15350,15350.0,1.0,0.0,0.0,None,0.0,0.0,0.0,twhs,SYNDICATE ALLOCATION JULY,ONE_TIME,__NONE__,SMPLRM1,SMPLCS1,CREDITED,True,1,202607,REAL
SMPLTRD00102|1,SMPLTRD00102,1,SMPL001,202607,STRP|SYND,SMPLACCT-1101,2026-07-12 00:00:00,2026-07-13 00:00:00,16500,16500.0,1.0,0.0,0.0,None,0.0,0.0,0.0,twhs,SYNDICATE ALLOCATION JULY,ONE_TIME,__NONE__,SMPLRM1,SMPLCS1,CREDITED,True,1,202607,REAL
SMPLTRD00103|1,SMPLTRD00103,1,SMPL001,202607,STRP|SYND,SMPLACCT-1101,2026-07-13 00:00:00,2026-07-14 00:00:00,17650,17650.0,1.0,0.0,0.0,None,0.0,0.0,0.0,twhs,SYNDICATE ALLOCATION JULY,ONE_TIME,__NONE__,SMPLRM1,SMPLCS1,CREDITED,True,1,202607,REAL
SMPLTRD00104|1,SMPLTRD00104,1,SMPL001,202607,ANNU|TRL,SMPLACCT-1105,2026-07-22 00:00:00,2026-07-23 00:00:00,650,650.0,1.0,0.0,0.0,None,0.0,0.0,0.0,l_a_btr,ANNUITY TRAIL,RECURRING,__NONE__,SMPLRM1,SMPLCS1,CREDITED,True,1,202607,REAL
SMPLTRD00105|1,SMPLTRD00105,1,SMPL001,202607,MF|COMM,SMPLACCT-1103,2026-07-16 00:00:00,2026-07-17 00:00:00,385,385.0,1.0,0.0,0.0,None,0.0,0.0,0.0,ace,MUTUAL FUND COMMISSION,RECURRING,__NONE__,SMPLRM1,SMPLCS1,CREDITED,True,1,202607,REAL
SMPLTRD00106|1,SMPLTRD00106,1,SMPL001,202607,CASH|CD,SMPLACCT-1108,2026-07-19 00:00:00,2026-07-20 00:00:00,240,240.0,1.0,0.0,0.0,None,0.0,0.0,0.0,ace,BROKERED CD COMMISSION,RECURRING,__NONE__,SMPLRM1,SMPLCS1,CREDITED,True,1,202607,REAL
SMPLTRD00107|1,SMPLTRD00107,1,SMPL001,202607,EQ|COMM,SMPLACCT-1106,2026-07-03 00:00:00,2026-07-04 00:00:00,163.21,163.21,1.0,0.0,0.0,None,0.0,0.0,0.0,ace,EQUITY TRADE COMMISSION,RECURRING,91,SMPLRM1,SMPLCS1,NON_CREDITED,False,1,202607,REAL
SMPLTRD00108|1,SMPLTRD00108,1,SMPL001,202607,EQ|COMM,SMPLACCT-1107,2026-07-05 00:00:00,2026-07-06 00:00:00,152.64,152.64,1.0,0.0,0.0,None,0.0,0.0,0.0,ace,EQUITY TRADE COMMISSION,RECURRING,__NONE__,SMPLRM1,SMPLCS1,CREDITED,True,1,202607,REAL
SMPLTRD00109|1,SMPLTRD00109,1,SMPL001,202607,EQ|COMM,SMPLACCT-1108,2026-07-07 00:00:00,2026-07-08 00:00:00,139.43,139.43,1.0,0.0,0.0,None,0.0,0.0,0.0,ace,EQUITY TRADE COMMISSION,RECURRING,__NONE__,SMPLRM1,SMPLCS1,CREDITED,True,1,202607,REAL
SMPLTRD00110|1,SMPLTRD00110,1,SMPL001,202607,EQ|COMM,SMPLACCT-1106,2026-07-09 00:00:00,2026-07-10 00:00:00,126.12,126.12,1.0,0.0,0.0,None,0.0,0.0,0.0,ace,EQUITY TRADE COMMISSION,RECURRING,__NONE__,SMPLRM1,SMPLCS1,CREDITED,True,1,202607,REAL
SMPLTRD00111|1,SMPLTRD00111,1,SMPL001,202607,EQ|COMM,SMPLACCT-1107,2026-07-11 00:00:00,2026-07-12 00:00:00,139.94,139.94,1.0,0.0,0.0,None,0.0,0.0,0.0,ace,EQUITY TRADE COMMISSION,RECURRING,__NONE__,SMPLRM1,SMPLCS1,CREDITED,True,1,202607,REAL
SMPLTRD00112|1,SMPLTRD00112,1,SMPL001,202607,EQ|COMM,SMPLACCT-1108,2026-07-13 00:00:00,2026-07-14 00:00:00,159.68,159.68,1.0,0.0,0.0,None,0.0,0.0,0.0,ace,EQUITY TRADE COMMISSION,RECURRING,__NONE__,SMPLRM1,SMPLCS1,CREDITED,True,1,202607,REAL
SMPLTRD00113|1,SMPLTRD00113,1,SMPL001,202607,EQ|COMM,SMPLACCT-1106,2026-07-15 00:00:00,2026-07-16 00:00:00,133.28,133.28,1.0,0.0,0.0,None,0.0,0.0,0.0,ace,EQUITY TRADE COMMISSION,RECURRING,__NONE__,SMPLRM1,SMPLCS1,CREDITED,True,1,202607,REAL
SMPLTRD00114|1,SMPLTRD00114,1,SMPL001,202607,EQ|COMM,SMPLACCT-1107,2026-07-17 00:00:00,2026-07-18 00:00:00,160.84,160.84,1.0,0.0,0.0,None,0.0,0.0,0.0,ace,EQUITY TRADE COMMISSION,RECURRING,__NONE__,SMPLRM1,SMPLCS1,CREDITED,True,1,202607,REAL
SMPLTRD00115|1,SMPLTRD00115,1,SMPL001,202607,EQ|COMM,SMPLACCT-1108,2026-07-19 00:00:00,2026-07-20 00:00:00,148.3,148.3,1.0,0.0,0.0,None,0.0,0.0,0.0,ace,EQUITY TRADE COMMISSION,RECURRING,__NONE__,SMPLRM1,SMPLCS1,CREDITED,True,1,202607,REAL
SMPLTRD00116|1,SMPLTRD00116,1,SMPL001,202607,MF|COMM,SMPLACCT-1103,2026-07-11 00:00:00,2026-07-12 00:00:00,107,107.0,1.0,0.0,0.0,None,0.0,0.0,0.0,ace,MUTUAL FUND COMMISSION BELOW MINIMUM,RECURRING,92,SMPLRM1,SMPLCS1,NON_CREDITED,False,1,202607,REAL
SMPLTRD00117|1,SMPLTRD00117,1,SMPL001,202607,MF|COMM,SMPLACCT-1103,2026-07-12 00:00:00,2026-07-13 00:00:00,116,116.0,1.0,0.0,0.0,None,0.0,0.0,0.0,ace,MUTUAL FUND COMMISSION BELOW MINIMUM,RECURRING,92,SMPLRM1,SMPLCS1,NON_CREDITED,False,1,202607,REAL
SMPLTRD00118|1,SMPLTRD00118,1,SMPL001,202607,CASH|SWP,SMPLACCT-1108,2026-07-24 00:00:00,2026-07-25 00:00:00,2844.44,2844.44,1.0,32.0,32.0,None,0.0,0.0,1070000,money_mkt,MONTH M07-2026,RECURRING,__NONE__,SMPLRM1,SMPLCS1,CREDITED,True,1,202607,REAL
SMPLTRD00119|1,SMPLTRD00119,1,SMPL002,202604,UMA|FEE,SMPLACCT-2101,2026-04-28 00:00:00,2026-04-29 00:00:00,6730.0,8412.5,0.8,82.0,82.0,None,0.0,0.0,0.0,ace,MONTH M04-2026,RECURRING,__NONE__,SMPLRM2,SMPLCS2,CREDITED,True,1,202604,REAL
SMPLTRD00120|1,SMPLTRD00120,1,SMPL002,202604,UMA|FEE,SMPLACCT-2102,2026-04-28 00:00:00,2026-04-29 00:00:00,6860.0,8575.0,0.8,82.0,82.0,None,0.0,0.0,0.0,ace,MONTH M04-2026,RECURRING,__NONE__,SMPLRM2,SMPLCS2,CREDITED,True,1,202604,REAL
SMPLTRD00121|1,SMPLTRD00121,1,SMPL002,202604,UMA|FEE,SMPLACCT-2103,2026-04-28 00:00:00,2026-04-29 00:00:00,6990.0,8737.5,0.8,82.0,82.0,None,0.0,0.0,0.0,ace,MONTH M04-2026,RECURRING,__NONE__,SMPLRM2,SMPLCS2,CREDITED,True,1,202604,REAL
SMPLTRD00122|1,SMPLTRD00122,1,SMPL002,202604,UMA|FEE,SMPLACCT-2104,2026-04-28 00:00:00,2026-04-29 00:00:00,7120.0,8900.0,0.8,82.0,82.0,None,0.0,0.0,0.0,ace,MONTH M04-2026,RECURRING,__NONE__,SMPLRM2,SMPLCS2,CREDITED,True,1,202604,REAL
SMPLTRD00123|1,SMPLTRD00123,1,SMPL002,202604,UMA|FEE,SMPLACCT-2110,2026-04-15 00:00:00,2026-04-16 00:00:00,2000,2000.0,1.0,82.0,82.0,None,0.0,0.0,0.0,ace,MONTH M04-2026,RECURRING,__NONE__,SMPLRM2,SMPLCS2,CREDITED,True,1,202604,REAL
SMPLTRD00124|1,SMPLTRD00124,1,SMPL002,202604,UMA|FEE,SMPLACCT-2111,2026-04-18 00:00:00,2026-04-19 00:00:00,540,540.0,1.0,82.0,82.0,None,0.0,0.0,0.0,ace,MONTH M04-2026,RECURRING,__NONE__,SMPLRM2,SMPLCS2,CREDITED,True,1,202604,REAL
SMPLTRD00125|1,SMPLTRD00125,1,SMPL002,202604,JPMCAP|FEE,SMPLACCT-2105,2026-04-27 00:00:00,2026-04-28 00:00:00,4400.0,4400.0,1.0,65.0,65.0,None,0.0,0.0,0.0,ace,MONTH M04-2026,RECURRING,__NONE__,SMPLRM2,SMPLCS2,CREDITED,True,1,202604,REAL
SMPLTRD00126|1,SMPLTRD00126,1,SMPL002,202604,ADV|FEE,SMPLACCT-2106,2026-04-27 00:00:00,2026-04-28 00:00:00,3500.0,3500.0,1.0,58.0,58.0,None,0.0,0.0,0.0,ace,MONTH M04-2026,RECURRING,__NONE__,SMPLRM2,SMPLCS2,CREDITED,True,1,202604,REAL
SMPLTRD00127|1,SMPLTRD00127,1,SMPL002,202604,MFT|12B1,SMPLACCT-2107,2026-04-25 00:00:00,2026-04-26 00:00:00,2400,2400.0,1.0,25.0,25.0,None,0.0,0.0,0.0,mf_12b1,MONTH M04-2026,RECURRING,__NONE__,SMPLRM2,SMPLCS2,CREDITED,True,1,202604,REAL
SMPLTRD00128|1,SMPLTRD00128,1,SMPL002,202604,MFT|12B1,SMPLACCT-2107,2026-04-26 00:00:00,2026-04-27 00:00:00,-140,-140.0,1.0,25.0,25.0,None,0.0,0.0,0.0,mf_12b1,MONTH M04-2026 REVERSAL,RECURRING,__NONE__,SMPLRM2,SMPLCS2,CREDITED,True,1,202604,REAL
SMPLTRD00129|1,SMPLTRD00129,1,SMPL002,202604,MFT|12B1,SMPLACCT-2107,2026-04-26 00:00:00,2026-04-27 00:00:00,-175,-175.0,1.0,25.0,25.0,None,0.0,0.0,0.0,mf_12b1,MONTH M04-2026 REVERSAL,RECURRING,__NONE__,SMPLRM2,SMPLCS2,CREDITED,True,1,202604,REAL
SMPLTRD00130|1,SMPLTRD00130,1,SMPL002,202604,ANNU|TRL,SMPLACCT-2105,2026-04-23 00:00:00,2026-04-24 00:00:00,-106,-106.0,1.0,0.0,0.0,None,0.0,0.0,0.0,l_a_btr,MONTH M04-2026 ANNUITY REVERSAL,RECURRING,__NONE__,SMPLRM2,SMPLCS2,CREDITED,True,1,202604,REAL
SMPLTRD00131|1,SMPLTRD00131,1,SMPL002,202604,MFT|12B1,SMPLACCT-2110,2026-04-25 00:00:00,2026-04-26 00:00:00,800.0,800.0,1.0,25.0,25.0,None,0.0,0.0,0.0,mf_12b1,INHERITED ACCOUNT TRAIL,RECURRING,9G,SMPLRM2,SMPLCS2,NON_CREDITED,False,1,202604,REAL
SMPLTRD00132|1,SMPLTRD00132,1,SMPL002,202604,MAC|QFEE,SMPLACCT-2102,2026-04-15 00:00:00,2026-04-16 00:00:00,7800,7800.0,1.0,120.0,120.0,None,0.0,0.0,0.0,ace,QUARTERLY BILLING M04-2026,RECURRING,__NONE__,SMPLRM2,SMPLCS2,CREDITED,True,1,202604,REAL
SMPLTRD00133|1,SMPLTRD00133,1,SMPL002,202604,ANNU|TRL,SMPLACCT-2105,2026-04-22 00:00:00,2026-04-23 00:00:00,740,740.0,1.0,0.0,0.0,None,0.0,0.0,0.0,l_a_btr,ANNUITY TRAIL,RECURRING,__NONE__,SMPLRM2,SMPLCS2,CREDITED,True,1,202604,REAL
SMPLTRD00134|1,SMPLTRD00134,1,SMPL002,202604,MF|COMM,SMPLACCT-2103,2026-04-16 00:00:00,2026-04-17 00:00:00,430,430.0,1.0,0.0,0.0,None,0.0,0.0,0.0,ace,MUTUAL FUND COMMISSION,RECURRING,__NONE__,SMPLRM2,SMPLCS2,CREDITED,True,1,202604,REAL
SMPLTRD00135|1,SMPLTRD00135,1,SMPL002,202604,CASH|CD,SMPLACCT-2108,2026-04-19 00:00:00,2026-04-20 00:00:00,270,270.0,1.0,0.0,0.0,None,0.0,0.0,0.0,ace,BROKERED CD COMMISSION,RECURRING,__NONE__,SMPLRM2,SMPLCS2,CREDITED,True,1,202604,REAL
SMPLTRD00136|1,SMPLTRD00136,1,SMPL002,202604,EQ|COMM,SMPLACCT-2106,2026-04-03 00:00:00,2026-04-04 00:00:00,133.37,133.37,1.0,0.0,0.0,None,0.0,0.0,0.0,ace,EQUITY TRADE COMMISSION,RECURRING,91,SMPLRM2,SMPLCS2,NON_CREDITED,False,1,202604,REAL
SMPLTRD00137|1,SMPLTRD00137,1,SMPL002,202604,EQ|COMM,SMPLACCT-2107,2026-04-05 00:00:00,2026-04-06 00:00:00,122.32,122.32,1.0,0.0,0.0,None,0.0,0.0,0.0,ace,EQUITY TRADE COMMISSION,RECURRING,__NONE__,SMPLRM2,SMPLCS2,CREDITED,True,1,202604,REAL
SMPLTRD00138|1,SMPLTRD00138,1,SMPL002,202604,EQ|COMM,SMPLACCT-2108,2026-04-07 00:00:00,2026-04-08 00:00:00,122.95,122.95,1.0,0.0,0.0,None,0.0,0.0,0.0,ace,EQUITY TRADE COMMISSION,RECURRING,__NONE__,SMPLRM2,SMPLCS2,CREDITED,True,1,202604,REAL
SMPLTRD00139|1,SMPLTRD00139,1,SMPL002,202604,EQ|COMM,SMPLACCT-2106,2026-04-09 00:00:00,2026-04-10 00:00:00,120.28,120.28,1.0,0.0,0.0,None,0.0,0.0,0.0,ace,EQUITY TRADE COMMISSION,RECURRING,__NONE__,SMPLRM2,SMPLCS2,CREDITED,True,1,202604,REAL
SMPLTRD00140|1,SMPLTRD00140,1,SMPL002,202604,EQ|COMM,SMPLACCT-2107,2026-04-11 00:00:00,2026-04-12 00:00:00,145.74,145.74,1.0,0.0,0.0,None,0.0,0.0,0.0,ace,EQUITY TRADE COMMISSION,RECURRING,__NONE__,SMPLRM2,SMPLCS2,CREDITED,True,1,202604,REAL
SMPLTRD00141|1,SMPLTRD00141,1,SMPL002,202604,EQ|COMM,SMPLACCT-2108,2026-04-13 00:00:00,2026-04-14 00:00:00,153.2,153.2,1.0,0.0,0.0,None,0.0,0.0,0.0,ace,EQUITY TRADE COMMISSION,RECURRING,__NONE__,SMPLRM2,SMPLCS2,CREDITED,True,1,202604,REAL
SMPLTRD00142|1,SMPLTRD00142,1,SMPL002,202604,EQ|COMM,SMPLACCT-2106,2026-04-15 00:00:00,2026-04-16 00:00:00,151.96,151.96,1.0,0.0,0.0,None,0.0,0.0,0.0,ace,EQUITY TRADE COMMISSION,RECURRING,__NONE__,SMPLRM2,SMPLCS2,CREDITED,True,1,202604,REAL
SMPLTRD00143|1,SMPLTRD00143,1,SMPL002,202604,EQ|COMM,SMPLACCT-2107,2026-04-17 00:00:00,2026-04-18 00:00:00,133.16,133.16,1.0,0.0,0.0,None,0.0,0.0,0.0,ace,EQUITY TRADE COMMISSION,RECURRING,__NONE__,SMPLRM2,SMPLCS2,CREDITED,True,1,202604,REAL
SMPLTRD00144|1,SMPLTRD00144,1,SMPL002,202604,EQ|COMM,SMPLACCT-2108,2026-04-19 00:00:00,2026-04-20 00:00:00,141.14,141.14,1.0,0.0,0.0,None,0.0,0.0,0.0,ace,EQUITY TRADE COMMISSION,RECURRING,__NONE__,SMPLRM2,SMPLCS2,CREDITED,True,1,202604,REAL
SMPLTRD00145|1,SMPLTRD00145,1,SMPL002,202604,EQ|COMM,SMPLACCT-2106,2026-04-21 00:00:00,2026-04-22 00:00:00,130.11,130.11,1.0,0.0,0.0,None,0.0,0.0,0.0,ace,EQUITY TRADE COMMISSION,RECURRING,__NONE__,SMPLRM2,SMPLCS2,CREDITED,True,1,202604,REAL
SMPLTRD00146|1,SMPLTRD00146,1,SMPL002,202604,MF|COMM,SMPLACCT-2103,2026-04-11 00:00:00,2026-04-12 00:00:00,119,119.0,1.0,0.0,0.0,None,0.0,0.0,0.0,ace,MUTUAL FUND COMMISSION BELOW MINIMUM,RECURRING,92,SMPLRM2,SMPLCS2,NON_CREDITED,False,1,202604,REAL
SMPLTRD00147|1,SMPLTRD00147,1,SMPL002,202604,CASH|SWP,SMPLACCT-2108,2026-04-24 00:00:00,2026-04-25 00:00:00,1750.0,1750.0,1.0,18.0,18.0,None,0.0,0.0,1190000,money_mkt,MONTH M04-2026,RECURRING,__NONE__,SMPLRM2,SMPLCS2,CREDITED,True,1,202604,REAL
SMPLTRD00148|1,SMPLTRD00148,1,SMPL002,202605,UMA|FEE,SMPLACCT-2101,2026-05-28 00:00:00,2026-05-29 00:00:00,6424.09,8030.11,0.8,82.0,82.0,None,0.0,0.0,0.0,ace,MONTH M05-2026,RECURRING,__NONE__,SMPLRM2,SMPLCS2,CREDITED,True,1,202605,REAL
SMPLTRD00149|1,SMPLTRD00149,1,SMPL002,202605,UMA|FEE,SMPLACCT-2102,2026-05-28 00:00:00,2026-05-29 00:00:00,6548.18,8185.23,0.8,82.0,82.0,None,0.0,0.0,0.0,ace,MONTH M05-2026,RECURRING,__NONE__,SMPLRM2,SMPLCS2,CREDITED,True,1,202605,REAL
SMPLTRD00150|1,SMPLTRD00150,1,SMPL002,202605,UMA|FEE,SMPLACCT-2103,2026-05-28 00:00:00,2026-05-29 00:00:00,6672.27,8340.34,0.8,82.0,82.0,None,0.0,0.0,0.0,ace,MONTH M05-2026,RECURRING,__NONE__,SMPLRM2,SMPLCS2,CREDITED,True,1,202605,REAL
SMPLTRD00151|1,SMPLTRD00151,1,SMPL002,202605,UMA|FEE,SMPLACCT-2104,2026-05-28 00:00:00,2026-05-29 00:00:00,6796.36,8495.45,0.8,82.0,82.0,None,0.0,0.0,0.0,ace,MONTH M05-2026,RECURRING,__NONE__,SMPLRM2,SMPLCS2,CREDITED,True,1,202605,REAL
SMPLTRD00152|1,SMPLTRD00152,1,SMPL002,202605,JPMCAP|FEE,SMPLACCT-2105,2026-05-27 00:00:00,2026-05-28 00:00:00,4200.0,4200.0,1.0,65.0,65.0,None,0.0,0.0,0.0,ace,MONTH M05-2026,RECURRING,__NONE__,SMPLRM2,SMPLCS2,CREDITED,True,1,202605,REAL
SMPLTRD00153|1,SMPLTRD00153,1,SMPL002,202605,ADV|FEE,SMPLACCT-2106,2026-05-27 00:00:00,2026-05-28 00:00:00,3340.91,3340.91,1.0,58.0,58.0,None,0.0,0.0,0.0,ace,MONTH M05-2026,RECURRING,__NONE__,SMPLRM2,SMPLCS2,CREDITED,True,1,202605,REAL
SMPLTRD00154|1,SMPLTRD00154,1,SMPL002,202605,MFT|12B1,SMPLACCT-2107,2026-05-25 00:00:00,2026-05-26 00:00:00,2400,2400.0,1.0,25.0,25.0,None,0.0,0.0,0.0,mf_12b1,MONTH M05-2026,RECURRING,__NONE__,SMPLRM2,SMPLCS2,CREDITED,True,1,202605,REAL
SMPLTRD00155|1,SMPLTRD00155,1,SMPL002,202605,MFT|12B1,SMPLACCT-2107,2026-05-26 00:00:00,2026-05-27 00:00:00,-140,-140.0,1.0,25.0,25.0,None,0.0,0.0,0.0,mf_12b1,MONTH M05-2026 REVERSAL,RECURRING,__NONE__,SMPLRM2,SMPLCS2,CREDITED,True,1,202605,REAL
SMPLTRD00156|1,SMPLTRD00156,1,SMPL002,202605,MFT|12B1,SMPLACCT-2107,2026-05-26 00:00:00,2026-05-27 00:00:00,-175,-175.0,1.0,25.0,25.0,None,0.0,0.0,0.0,mf_12b1,MONTH M05-2026 REVERSAL,RECURRING,__NONE__,SMPLRM2,SMPLCS2,CREDITED,True,1,202605,REAL
SMPLTRD00157|1,SMPLTRD00157,1,SMPL002,202605,MFT|12B1,SMPLACCT-2107,2026-05-26 00:00:00,2026-05-27 00:00:00,-210,-210.0,1.0,25.0,25.0,None,0.0,0.0,0.0,mf_12b1,MONTH M05-2026 REVERSAL,RECURRING,__NONE__,SMPLRM2,SMPLCS2,CREDITED,True,1,202605,REAL
SMPLTRD00158|1,SMPLTRD00158,1,SMPL002,202605,ANNU|TRL,SMPLACCT-2105,2026-05-23 00:00:00,2026-05-24 00:00:00,-106,-106.0,1.0,0.0,0.0,None,0.0,0.0,0.0,l_a_btr,MONTH M05-2026 ANNUITY REVERSAL,RECURRING,__NONE__,SMPLRM2,SMPLCS2,CREDITED,True,1,202605,REAL
SMPLTRD00159|1,SMPLTRD00159,1,SMPL002,202605,ANNU|TRL,SMPLACCT-2105,2026-05-23 00:00:00,2026-05-24 00:00:00,-131,-131.0,1.0,0.0,0.0,None,0.0,0.0,0.0,l_a_btr,MONTH M05-2026 ANNUITY REVERSAL,RECURRING,__NONE__,SMPLRM2,SMPLCS2,CREDITED,True,1,202605,REAL
SMPLTRD00160|1,SMPLTRD00160,1,SMPL002,202605,MFT|12B1,SMPLACCT-2110,2026-05-25 00:00:00,2026-05-26 00:00:00,800.0,800.0,1.0,25.0,25.0,None,0.0,0.0,0.0,mf_12b1,INHERITED ACCOUNT TRAIL,RECURRING,9G,SMPLRM2,SMPLCS2,NON_CREDITED,False,1,202605,REAL
SMPLTRD00161|1,SMPLTRD00161,1,SMPL002,202605,STRP|SYND,SMPLACCT-2101,2026-05-12 00:00:00,2026-05-13 00:00:00,14800,14800.0,1.0,0.0,0.0,None,0.0,0.0,0.0,twhs,SYNDICATE ALLOCATION,ONE_TIME,__NONE__,SMPLRM2,SMPLCS2,CREDITED,True,1,202605,REAL
SMPLTRD00162|1,SMPLTRD00162,1,SMPL002,202605,STRP|SYND,SMPLACCT-2101,2026-05-13 00:00:00,2026-05-14 00:00:00,16000,16000.0,1.0,0.0,0.0,None,0.0,0.0,0.0,twhs,SYNDICATE ALLOCATION,ONE_TIME,__NONE__,SMPLRM2,SMPLCS2,CREDITED,True,1,202605,REAL
SMPLTRD00163|1,SMPLTRD00163,1,SMPL002,202605,STRP|SYND,SMPLACCT-2101,2026-05-14 00:00:00,2026-05-15 00:00:00,17200,17200.0,1.0,0.0,0.0,None,0.0,0.0,0.0,twhs,SYNDICATE ALLOCATION,ONE_TIME,__NONE__,SMPLRM2,SMPLCS2,CREDITED,True,1,202605,REAL
SMPLTRD00164|1,SMPLTRD00164,1,SMPL002,202605,ANNU|TRL,SMPLACCT-2105,2026-05-22 00:00:00,2026-05-23 00:00:00,740,740.0,1.0,0.0,0.0,None,0.0,0.0,0.0,l_a_btr,ANNUITY TRAIL,RECURRING,__NONE__,SMPLRM2,SMPLCS2,CREDITED,True,1,202605,REAL
SMPLTRD00165|1,SMPLTRD00165,1,SMPL002,202605,MF|COMM,SMPLACCT-2103,2026-05-16 00:00:00,2026-05-17 00:00:00,430,430.0,1.0,0.0,0.0,None,0.0,0.0,0.0,ace,MUTUAL FUND COMMISSION,RECURRING,__NONE__,SMPLRM2,SMPLCS2,CREDITED,True,1,202605,REAL
SMPLTRD00166|1,SMPLTRD00166,1,SMPL002,202605,CASH|CD,SMPLACCT-2108,2026-05-19 00:00:00,2026-05-20 00:00:00,270,270.0,1.0,0.0,0.0,None,0.0,0.0,0.0,ace,BROKERED CD COMMISSION,RECURRING,__NONE__,SMPLRM2,SMPLCS2,CREDITED,True,1,202605,REAL
SMPLTRD00167|1,SMPLTRD00167,1,SMPL002,202605,EQ|COMM,SMPLACCT-2106,2026-05-03 00:00:00,2026-05-04 00:00:00,148.96,148.96,1.0,0.0,0.0,None,0.0,0.0,0.0,ace,EQUITY TRADE COMMISSION,RECURRING,91,SMPLRM2,SMPLCS2,NON_CREDITED,False,1,202605,REAL
SMPLTRD00168|1,SMPLTRD00168,1,SMPL002,202605,EQ|COMM,SMPLACCT-2107,2026-05-05 00:00:00,2026-05-06 00:00:00,164.0,164.0,1.0,0.0,0.0,None,0.0,0.0,0.0,ace,EQUITY TRADE COMMISSION,RECURRING,__NONE__,SMPLRM2,SMPLCS2,CREDITED,True,1,202605,REAL
SMPLTRD00169|1,SMPLTRD00169,1,SMPL002,202605,EQ|COMM,SMPLACCT-2108,2026-05-07 00:00:00,2026-05-08 00:00:00,145.33,145.33,1.0,0.0,0.0,None,0.0,0.0,0.0,ace,EQUITY TRADE COMMISSION,RECURRING,__NONE__,SMPLRM2,SMPLCS2,CREDITED,True,1,202605,REAL
SMPLTRD00170|1,SMPLTRD00170,1,SMPL002,202605,EQ|COMM,SMPLACCT-2106,2026-05-09 00:00:00,2026-05-10 00:00:00,158.48,158.48,1.0,0.0,0.0,None,0.0,0.0,0.0,ace,EQUITY TRADE COMMISSION,RECURRING,__NONE__,SMPLRM2,SMPLCS2,CREDITED,True,1,202605,REAL
SMPLTRD00171|1,SMPLTRD00171,1,SMPL002,202605,EQ|COMM,SMPLACCT-2107,2026-05-11 00:00:00,2026-05-12 00:00:00,160.86,160.86,1.0,0.0,0.0,None,0.0,0.0,0.0,ace,EQUITY TRADE COMMISSION,RECURRING,__NONE__,SMPLRM2,SMPLCS2,CREDITED,True,1,202605,REAL
SMPLTRD00172|1,SMPLTRD00172,1,SMPL002,202605,EQ|COMM,SMPLACCT-2108,2026-05-13 00:00:00,2026-05-14 00:00:00,123.56,123.56,1.0,0.0,0.0,None,0.0,0.0,0.0,ace,EQUITY TRADE COMMISSION,RECURRING,__NONE__,SMPLRM2,SMPLCS2,CREDITED,True,1,202605,REAL
SMPLTRD00173|1,SMPLTRD00173,1,SMPL002,202605,EQ|COMM,SMPLACCT-2106,2026-05-15 00:00:00,2026-05-16 00:00:00,121.96,121.96,1.0,0.0,0.0,None,0.0,0.0,0.0,ace,EQUITY TRADE COMMISSION,RECURRING,__NONE__,SMPLRM2,SMPLCS2,CREDITED,True,1,202605,REAL
SMPLTRD00174|1,SMPLTRD00174,1,SMPL002,202605,MF|COMM,SMPLACCT-2103,2026-05-11 00:00:00,2026-05-12 00:00:00,119,119.0,1.0,0.0,0.0,None,0.0,0.0,0.0,ace,MUTUAL FUND COMMISSION BELOW MINIMUM,RECURRING,92,SMPLRM2,SMPLCS2,NON_CREDITED,False,1,202605,REAL
SMPLTRD00175|1,SMPLTRD00175,1,SMPL002,202605,MF|COMM,SMPLACCT-2103,2026-05-12 00:00:00,2026-05-13 00:00:00,128,128.0,1.0,0.0,0.0,None,0.0,0.0,0.0,ace,MUTUAL FUND COMMISSION BELOW MINIMUM,RECURRING,92,SMPLRM2,SMPLCS2,NON_CREDITED,False,1,202605,REAL
SMPLTRD00176|1,SMPLTRD00176,1,SMPL002,202605,CASH|SWP,SMPLACCT-2108,2026-05-24 00:00:00,2026-05-25 00:00:00,1750.0,1750.0,1.0,18.0,18.0,None,0.0,0.0,1190000,money_mkt,MONTH M05-2026,RECURRING,__NONE__,SMPLRM2,SMPLCS2,CREDITED,True,1,202605,REAL
SMPLTRD00177|1,SMPLTRD00177,1,SMPL002,202606,UMA|FEE,SMPLACCT-2101,2026-06-28 00:00:00,2026-06-29 00:00:00,7222.44,9028.05,0.8,88.0,88.0,None,0.0,0.0,0.0,ace,MONTH M06-2026,RECURRING,__NONE__,SMPLRM2,SMPLCS2,CREDITED,True,1,202606,REAL
SMPLTRD00178|1,SMPLTRD00178,1,SMPL002,202606,UMA|FEE,SMPLACCT-2102,2026-06-28 00:00:00,2026-06-29 00:00:00,7361.95,9202.44,0.8,88.0,88.0,None,0.0,0.0,0.0,ace,MONTH M06-2026,RECURRING,__NONE__,SMPLRM2,SMPLCS2,CREDITED,True,1,202606,REAL
SMPLTRD00179|1,SMPLTRD00179,1,SMPL002,202606,UMA|FEE,SMPLACCT-2103,2026-06-28 00:00:00,2026-06-29 00:00:00,7501.46,9376.82,0.8,88.0,88.0,None,0.0,0.0,0.0,ace,MONTH M06-2026,RECURRING,__NONE__,SMPLRM2,SMPLCS2,CREDITED,True,1,202606,REAL
SMPLTRD00180|1,SMPLTRD00180,1,SMPL002,202606,UMA|FEE,SMPLACCT-2104,2026-06-28 00:00:00,2026-06-29 00:00:00,7640.98,9551.22,0.8,88.0,88.0,None,0.0,0.0,0.0,ace,MONTH M06-2026,RECURRING,__NONE__,SMPLRM2,SMPLCS2,CREDITED,True,1,202606,REAL
SMPLTRD00181|1,SMPLTRD00181,1,SMPL002,202606,UMA|FEE,SMPLACCT-2109,2026-06-28 00:00:00,2026-06-29 00:00:00,4800,4800.0,1.0,88.0,88.0,None,0.0,0.0,0.0,ace,MONTH M06-2026,RECURRING,__NONE__,SMPLRM2,SMPLCS2,CREDITED,True,1,202606,REAL
SMPLTRD00182|1,SMPLTRD00182,1,SMPL002,202606,UMA|FEE,SMPLACCT-2111,2026-06-18 00:00:00,2026-06-19 00:00:00,540,540.0,1.0,82.0,82.0,None,0.0,0.0,0.0,ace,MONTH M06-2026,RECURRING,__NONE__,SMPLRM2,SMPLCS2,CREDITED,True,1,202606,REAL
SMPLTRD00183|1,SMPLTRD00183,1,SMPL002,202606,JPMCAP|FEE,SMPLACCT-2105,2026-06-27 00:00:00,2026-06-28 00:00:00,4400.0,4400.0,1.0,65.0,65.0,None,0.0,0.0,0.0,ace,MONTH M06-2026,RECURRING,__NONE__,SMPLRM2,SMPLCS2,CREDITED,True,1,202606,REAL
SMPLTRD00184|1,SMPLTRD00184,1,SMPL002,202606,ADV|FEE,SMPLACCT-2106,2026-06-27 00:00:00,2026-06-28 00:00:00,3500.0,3500.0,1.0,58.0,58.0,None,0.0,0.0,0.0,ace,MONTH M06-2026,RECURRING,__NONE__,SMPLRM2,SMPLCS2,CREDITED,True,1,202606,REAL
SMPLTRD00185|1,SMPLTRD00185,1,SMPL002,202606,MFT|12B1,SMPLACCT-2107,2026-06-25 00:00:00,2026-06-26 00:00:00,2400,2400.0,1.0,25.0,25.0,None,0.0,0.0,0.0,mf_12b1,MONTH M06-2026,RECURRING,__NONE__,SMPLRM2,SMPLCS2,CREDITED,True,1,202606,REAL
SMPLTRD00186|1,SMPLTRD00186,1,SMPL002,202606,MFT|12B1,SMPLACCT-2107,2026-06-26 00:00:00,2026-06-27 00:00:00,-140,-140.0,1.0,25.0,25.0,None,0.0,0.0,0.0,mf_12b1,MONTH M06-2026 REVERSAL,RECURRING,__NONE__,SMPLRM2,SMPLCS2,CREDITED,True,1,202606,REAL
SMPLTRD00187|1,SMPLTRD00187,1,SMPL002,202606,MFT|12B1,SMPLACCT-2107,2026-06-26 00:00:00,2026-06-27 00:00:00,-175,-175.0,1.0,25.0,25.0,None,0.0,0.0,0.0,mf_12b1,MONTH M06-2026 REVERSAL,RECURRING,__NONE__,SMPLRM2,SMPLCS2,CREDITED,True,1,202606,REAL
SMPLTRD00188|1,SMPLTRD00188,1,SMPL002,202606,MFT|12B1,SMPLACCT-2107,2026-06-26 00:00:00,2026-06-27 00:00:00,-210,-210.0,1.0,25.0,25.0,None,0.0,0.0,0.0,mf_12b1,MONTH M06-2026 REVERSAL,RECURRING,__NONE__,SMPLRM2,SMPLCS2,CREDITED,True,1,202606,REAL
SMPLTRD00189|1,SMPLTRD00189,1,SMPL002,202606,MFT|12B1,SMPLACCT-2107,2026-06-26 00:00:00,2026-06-27 00:00:00,-245,-245.0,1.0,25.0,25.0,None,0.0,0.0,0.0,mf_12b1,MONTH M06-2026 REVERSAL,RECURRING,__NONE__,SMPLRM2,SMPLCS2,CREDITED,True,1,202606,REAL
SMPLTRD00190|1,SMPLTRD00190,1,SMPL002,202606,MFT|12B1,SMPLACCT-2107,2026-06-26 00:00:00,2026-06-27 00:00:00,-280,-280.0,1.0,25.0,25.0,None,0.0,0.0,0.0,mf_12b1,MONTH M06-2026 REVERSAL,RECURRING,__NONE__,SMPLRM2,SMPLCS2,CREDITED,True,1,202606,REAL
SMPLTRD00191|1,SMPLTRD00191,1,SMPL002,202606,ANNU|TRL,SMPLACCT-2105,2026-06-23 00:00:00,2026-06-24 00:00:00,-106,-106.0,1.0,0.0,0.0,None,0.0,0.0,0.0,l_a_btr,MONTH M06-2026 ANNUITY REVERSAL,RECURRING,__NONE__,SMPLRM2,SMPLCS2,CREDITED,True,1,202606,REAL
SMPLTRD00192|1,SMPLTRD00192,1,SMPL002,202606,ANNU|TRL,SMPLACCT-2105,2026-06-23 00:00:00,2026-06-24 00:00:00,-131,-131.0,1.0,0.0,0.0,None,0.0,0.0,0.0,l_a_btr,MONTH M06-2026 ANNUITY REVERSAL,RECURRING,__NONE__,SMPLRM2,SMPLCS2,CREDITED,True,1,202606,REAL
SMPLTRD00193|1,SMPLTRD00193,1,SMPL002,202606,ANNU|TRL,SMPLACCT-2105,2026-06-23 00:00:00,2026-06-24 00:00:00,-156,-156.0,1.0,0.0,0.0,None,0.0,0.0,0.0,l_a_btr,MONTH M06-2026 ANNUITY REVERSAL,RECURRING,__NONE__,SMPLRM2,SMPLCS2,CREDITED,True,1,202606,REAL
SMPLTRD00194|1,SMPLTRD00194,1,SMPL002,202606,MFT|12B1,SMPLACCT-2110,2026-06-25 00:00:00,2026-06-26 00:00:00,800.0,800.0,1.0,25.0,25.0,None,0.0,0.0,0.0,mf_12b1,INHERITED ACCOUNT TRAIL,RECURRING,__NONE__,SMPLRM2,SMPLCS2,CREDITED,True,1,202606,REAL
SMPLTRD00195|1,SMPLTRD00195,1,SMPL002,202606,MAC|QFEE,SMPLACCT-2102,2026-06-15 00:00:00,2026-06-16 00:00:00,7800,7800.0,1.0,120.0,120.0,None,0.0,0.0,0.0,ace,QUARTERLY BILLING M06-2026,RECURRING,__NONE__,SMPLRM2,SMPLCS2,CREDITED,True,1,202606,REAL
SMPLTRD00196|1,SMPLTRD00196,1,SMPL002,202606,ANNU|TRL,SMPLACCT-2105,2026-06-22 00:00:00,2026-06-23 00:00:00,740,740.0,1.0,0.0,0.0,None,0.0,0.0,0.0,l_a_btr,ANNUITY TRAIL,RECURRING,__NONE__,SMPLRM2,SMPLCS2,CREDITED,True,1,202606,REAL
SMPLTRD00197|1,SMPLTRD00197,1,SMPL002,202606,MF|COMM,SMPLACCT-2103,2026-06-16 00:00:00,2026-06-17 00:00:00,430,430.0,1.0,0.0,0.0,None,0.0,0.0,0.0,ace,MUTUAL FUND COMMISSION,RECURRING,__NONE__,SMPLRM2,SMPLCS2,CREDITED,True,1,202606,REAL
SMPLTRD00198|1,SMPLTRD00198,1,SMPL002,202606,CASH|CD,SMPLACCT-2108,2026-06-19 00:00:00,2026-06-20 00:00:00,270,270.0,1.0,0.0,0.0,None,0.0,0.0,0.0,ace,BROKERED CD COMMISSION,RECURRING,__NONE__,SMPLRM2,SMPLCS2,CREDITED,True,1,202606,REAL
SMPLTRD00199|1,SMPLTRD00199,1,SMPL002,202606,EQ|COMM,SMPLACCT-2106,2026-06-03 00:00:00,2026-06-04 00:00:00,145.87,145.87,1.0,0.0,0.0,None,0.0,0.0,0.0,ace,EQUITY TRADE COMMISSION,RECURRING,91,SMPLRM2,SMPLCS2,NON_CREDITED,False,1,202606,REAL
SMPLTRD00200|1,SMPLTRD00200,1,SMPL002,202606,EQ|COMM,SMPLACCT-2107,2026-06-05 00:00:00,2026-06-06 00:00:00,134.38,134.38,1.0,0.0,0.0,None,0.0,0.0,0.0,ace,EQUITY TRADE COMMISSION,RECURRING,__NONE__,SMPLRM2,SMPLCS2,CREDITED,True,1,202606,REAL
SMPLTRD00201|1,SMPLTRD00201,1,SMPL002,202606,EQ|COMM,SMPLACCT-2108,2026-06-07 00:00:00,2026-06-08 00:00:00,118.42,118.42,1.0,0.0,0.0,None,0.0,0.0,0.0,ace,EQUITY TRADE COMMISSION,RECURRING,__NONE__,SMPLRM2,SMPLCS2,CREDITED,True,1,202606,REAL
SMPLTRD00202|1,SMPLTRD00202,1,SMPL002,202606,EQ|COMM,SMPLACCT-2106,2026-06-09 00:00:00,2026-06-10 00:00:00,121.18,121.18,1.0,0.0,0.0,None,0.0,0.0,0.0,ace,EQUITY TRADE COMMISSION,RECURRING,__NONE__,SMPLRM2,SMPLCS2,CREDITED,True,1,202606,REAL
SMPLTRD00203|1,SMPLTRD00203,1,SMPL002,202606,EQ|COMM,SMPLACCT-2107,2026-06-11 00:00:00,2026-06-12 00:00:00,157.79,157.79,1.0,0.0,0.0,None,0.0,0.0,0.0,ace,EQUITY TRADE COMMISSION,RECURRING,__NONE__,SMPLRM2,SMPLCS2,CREDITED,True,1,202606,REAL
SMPLTRD00204|1,SMPLTRD00204,1,SMPL002,202606,EQ|COMM,SMPLACCT-2108,2026-06-13 00:00:00,2026-06-14 00:00:00,143.62,143.62,1.0,0.0,0.0,None,0.0,0.0,0.0,ace,EQUITY TRADE COMMISSION,RECURRING,__NONE__,SMPLRM2,SMPLCS2,CREDITED,True,1,202606,REAL
SMPLTRD00205|1,SMPLTRD00205,1,SMPL002,202606,EQ|COMM,SMPLACCT-2106,2026-06-15 00:00:00,2026-06-16 00:00:00,164.4,164.4,1.0,0.0,0.0,None,0.0,0.0,0.0,ace,EQUITY TRADE COMMISSION,RECURRING,__NONE__,SMPLRM2,SMPLCS2,CREDITED,True,1,202606,REAL
SMPLTRD00206|1,SMPLTRD00206,1,SMPL002,202606,EQ|COMM,SMPLACCT-2107,2026-06-17 00:00:00,2026-06-18 00:00:00,148.81,148.81,1.0,0.0,0.0,None,0.0,0.0,0.0,ace,EQUITY TRADE COMMISSION,RECURRING,__NONE__,SMPLRM2,SMPLCS2,CREDITED,True,1,202606,REAL
SMPLTRD00207|1,SMPLTRD00207,1,SMPL002,202606,EQ|COMM,SMPLACCT-2108,2026-06-19 00:00:00,2026-06-20 00:00:00,131.09,131.09,1.0,0.0,0.0,None,0.0,0.0,0.0,ace,EQUITY TRADE COMMISSION,RECURRING,__NONE__,SMPLRM2,SMPLCS2,CREDITED,True,1,202606,REAL
SMPLTRD00208|1,SMPLTRD00208,1,SMPL002,202606,EQ|COMM,SMPLACCT-2106,2026-06-21 00:00:00,2026-06-22 00:00:00,134.45,134.45,1.0,0.0,0.0,None,0.0,0.0,0.0,ace,EQUITY TRADE COMMISSION,RECURRING,__NONE__,SMPLRM2,SMPLCS2,CREDITED,True,1,202606,REAL
SMPLTRD00209|1,SMPLTRD00209,1,SMPL002,202606,EQ|COMM,SMPLACCT-2107,2026-06-23 00:00:00,2026-06-24 00:00:00,155.48,155.48,1.0,0.0,0.0,None,0.0,0.0,0.0,ace,EQUITY TRADE COMMISSION,RECURRING,__NONE__,SMPLRM2,SMPLCS2,CREDITED,True,1,202606,REAL
SMPLTRD00210|1,SMPLTRD00210,1,SMPL002,202606,MF|COMM,SMPLACCT-2103,2026-06-11 00:00:00,2026-06-12 00:00:00,119,119.0,1.0,0.0,0.0,None,0.0,0.0,0.0,ace,MUTUAL FUND COMMISSION BELOW MINIMUM,RECURRING,92,SMPLRM2,SMPLCS2,NON_CREDITED,False,1,202606,REAL
SMPLTRD00211|1,SMPLTRD00211,1,SMPL002,202606,MF|COMM,SMPLACCT-2103,2026-06-12 00:00:00,2026-06-13 00:00:00,128,128.0,1.0,0.0,0.0,None,0.0,0.0,0.0,ace,MUTUAL FUND COMMISSION BELOW MINIMUM,RECURRING,92,SMPLRM2,SMPLCS2,NON_CREDITED,False,1,202606,REAL
SMPLTRD00212|1,SMPLTRD00212,1,SMPL002,202606,CASH|SWP,SMPLACCT-2108,2026-06-24 00:00:00,2026-06-25 00:00:00,1750.0,1750.0,1.0,18.0,18.0,None,0.0,0.0,1190000,money_mkt,MONTH M06-2026,RECURRING,__NONE__,SMPLRM2,SMPLCS2,CREDITED,True,1,202606,REAL
SMPLTRD00213|1,SMPLTRD00213,1,SMPL002,202607,UMA|FEE,SMPLACCT-2101,2026-07-28 00:00:00,2026-07-29 00:00:00,7222.44,9028.05,0.8,88.0,88.0,None,0.0,0.0,0.0,ace,MONTH M07-2026,RECURRING,__NONE__,SMPLRM2,SMPLCS2,CREDITED,True,1,202607,REAL
SMPLTRD00214|1,SMPLTRD00214,1,SMPL002,202607,UMA|FEE,SMPLACCT-2102,2026-07-28 00:00:00,2026-07-29 00:00:00,7361.95,9202.44,0.8,88.0,88.0,None,0.0,0.0,0.0,ace,MONTH M07-2026,RECURRING,__NONE__,SMPLRM2,SMPLCS2,CREDITED,True,1,202607,REAL
SMPLTRD00215|1,SMPLTRD00215,1,SMPL002,202607,UMA|FEE,SMPLACCT-2103,2026-07-28 00:00:00,2026-07-29 00:00:00,7501.46,9376.82,0.8,88.0,88.0,None,0.0,0.0,0.0,ace,MONTH M07-2026,RECURRING,9E,SMPLRM2,SMPLCS2,NON_CREDITED,False,1,202607,REAL
SMPLTRD00216|1,SMPLTRD00216,1,SMPL002,202607,UMA|FEE,SMPLACCT-2109,2026-07-28 00:00:00,2026-07-29 00:00:00,4800,4800.0,1.0,88.0,88.0,None,0.0,0.0,0.0,ace,MONTH M07-2026,RECURRING,__NONE__,SMPLRM2,SMPLCS2,CREDITED,True,1,202607,REAL
SMPLTRD00217|1,SMPLTRD00217,1,SMPL002,202607,UMA|FEE,SMPLACCT-2111,2026-07-18 00:00:00,2026-07-19 00:00:00,540,540.0,1.0,82.0,82.0,None,0.0,0.0,0.0,ace,MONTH M07-2026,RECURRING,__NONE__,SMPLRM2,SMPLCS2,CREDITED,True,1,202607,REAL
SMPLTRD00218|1,SMPLTRD00218,1,SMPL002,202607,JPMCAP|FEE,SMPLACCT-2105,2026-07-27 00:00:00,2026-07-28 00:00:00,8600.0,8600.0,1.0,65.0,65.0,None,0.0,0.0,0.0,ace,MONTH M07-2026,RECURRING,__NONE__,SMPLRM2,SMPLCS2,CREDITED,True,1,202607,REAL
SMPLTRD00219|1,SMPLTRD00219,1,SMPL002,202607,ADV|FEE,SMPLACCT-2106,2026-07-27 00:00:00,2026-07-28 00:00:00,3500.0,3500.0,1.0,58.0,58.0,None,0.0,0.0,0.0,ace,MONTH M07-2026,RECURRING,__NONE__,SMPLRM2,SMPLCS2,CREDITED,True,1,202607,REAL
SMPLTRD00220|1,SMPLTRD00220,1,SMPL002,202607,MFT|12B1,SMPLACCT-2107,2026-07-25 00:00:00,2026-07-26 00:00:00,2400,2400.0,1.0,25.0,25.0,None,0.0,0.0,0.0,mf_12b1,MONTH M07-2026,RECURRING,__NONE__,SMPLRM2,SMPLCS2,CREDITED,True,1,202607,REAL
SMPLTRD00221|1,SMPLTRD00221,1,SMPL002,202607,MFT|12B1,SMPLACCT-2107,2026-07-26 00:00:00,2026-07-27 00:00:00,-140,-140.0,1.0,25.0,25.0,None,0.0,0.0,0.0,mf_12b1,MONTH M07-2026 REVERSAL,RECURRING,__NONE__,SMPLRM2,SMPLCS2,CREDITED,True,1,202607,REAL
SMPLTRD00222|1,SMPLTRD00222,1,SMPL002,202607,MFT|12B1,SMPLACCT-2107,2026-07-26 00:00:00,2026-07-27 00:00:00,-175,-175.0,1.0,25.0,25.0,None,0.0,0.0,0.0,mf_12b1,MONTH M07-2026 REVERSAL,RECURRING,__NONE__,SMPLRM2,SMPLCS2,CREDITED,True,1,202607,REAL
SMPLTRD00223|1,SMPLTRD00223,1,SMPL002,202607,MFT|12B1,SMPLACCT-2107,2026-07-26 00:00:00,2026-07-27 00:00:00,-210,-210.0,1.0,25.0,25.0,None,0.0,0.0,0.0,mf_12b1,MONTH M07-2026 REVERSAL,RECURRING,__NONE__,SMPLRM2,SMPLCS2,CREDITED,True,1,202607,REAL
SMPLTRD00224|1,SMPLTRD00224,1,SMPL002,202607,MFT|12B1,SMPLACCT-2107,2026-07-26 00:00:00,2026-07-27 00:00:00,-245,-245.0,1.0,25.0,25.0,None,0.0,0.0,0.0,mf_12b1,MONTH M07-2026 REVERSAL,RECURRING,__NONE__,SMPLRM2,SMPLCS2,CREDITED,True,1,202607,REAL
SMPLTRD00225|1,SMPLTRD00225,1,SMPL002,202607,ANNU|TRL,SMPLACCT-2105,2026-07-23 00:00:00,2026-07-24 00:00:00,-106,-106.0,1.0,0.0,0.0,None,0.0,0.0,0.0,l_a_btr,MONTH M07-2026 ANNUITY REVERSAL,RECURRING,__NONE__,SMPLRM2,SMPLCS2,CREDITED,True,1,202607,REAL
SMPLTRD00226|1,SMPLTRD00226,1,SMPL002,202607,ANNU|TRL,SMPLACCT-2105,2026-07-23 00:00:00,2026-07-24 00:00:00,-131,-131.0,1.0,0.0,0.0,None,0.0,0.0,0.0,l_a_btr,MONTH M07-2026 ANNUITY REVERSAL,RECURRING,__NONE__,SMPLRM2,SMPLCS2,CREDITED,True,1,202607,REAL
SMPLTRD00227|1,SMPLTRD00227,1,SMPL002,202607,MFT|12B1,SMPLACCT-2110,2026-07-25 00:00:00,2026-07-26 00:00:00,800.0,800.0,1.0,25.0,25.0,None,0.0,0.0,0.0,mf_12b1,INHERITED ACCOUNT TRAIL,RECURRING,__NONE__,SMPLRM2,SMPLCS2,CREDITED,True,1,202607,REAL
SMPLTRD00228|1,SMPLTRD00228,1,SMPL002,202607,ANNU|TRL,SMPLACCT-2105,2026-07-22 00:00:00,2026-07-23 00:00:00,740,740.0,1.0,0.0,0.0,None,0.0,0.0,0.0,l_a_btr,ANNUITY TRAIL,RECURRING,__NONE__,SMPLRM2,SMPLCS2,CREDITED,True,1,202607,REAL
SMPLTRD00229|1,SMPLTRD00229,1,SMPL002,202607,MF|COMM,SMPLACCT-2103,2026-07-16 00:00:00,2026-07-17 00:00:00,430,430.0,1.0,0.0,0.0,None,0.0,0.0,0.0,ace,MUTUAL FUND COMMISSION,RECURRING,__NONE__,SMPLRM2,SMPLCS2,CREDITED,True,1,202607,REAL
SMPLTRD00230|1,SMPLTRD00230,1,SMPL002,202607,CASH|CD,SMPLACCT-2108,2026-07-19 00:00:00,2026-07-20 00:00:00,270,270.0,1.0,0.0,0.0,None,0.0,0.0,0.0,ace,BROKERED CD COMMISSION,RECURRING,__NONE__,SMPLRM2,SMPLCS2,CREDITED,True,1,202607,REAL
SMPLTRD00231|1,SMPLTRD00231,1,SMPL002,202607,EQ|COMM,SMPLACCT-2106,2026-07-03 00:00:00,2026-07-04 00:00:00,133.77,133.77,1.0,0.0,0.0,None,0.0,0.0,0.0,ace,EQUITY TRADE COMMISSION,RECURRING,91,SMPLRM2,SMPLCS2,NON_CREDITED,False,1,202607,REAL
SMPLTRD00232|1,SMPLTRD00232,1,SMPL002,202607,EQ|COMM,SMPLACCT-2107,2026-07-05 00:00:00,2026-07-06 00:00:00,120.71,120.71,1.0,0.0,0.0,None,0.0,0.0,0.0,ace,EQUITY TRADE COMMISSION,RECURRING,__NONE__,SMPLRM2,SMPLCS2,CREDITED,True,1,202607,REAL
SMPLTRD00233|1,SMPLTRD00233,1,SMPL002,202607,EQ|COMM,SMPLACCT-2108,2026-07-07 00:00:00,2026-07-08 00:00:00,118.12,118.12,1.0,0.0,0.0,None,0.0,0.0,0.0,ace,EQUITY TRADE COMMISSION,RECURRING,__NONE__,SMPLRM2,SMPLCS2,CREDITED,True,1,202607,REAL
SMPLTRD00234|1,SMPLTRD00234,1,SMPL002,202607,EQ|COMM,SMPLACCT-2106,2026-07-09 00:00:00,2026-07-10 00:00:00,141.71,141.71,1.0,0.0,0.0,None,0.0,0.0,0.0,ace,EQUITY TRADE COMMISSION,RECURRING,__NONE__,SMPLRM2,SMPLCS2,CREDITED,True,1,202607,REAL
SMPLTRD00235|1,SMPLTRD00235,1,SMPL002,202607,EQ|COMM,SMPLACCT-2107,2026-07-11 00:00:00,2026-07-12 00:00:00,138.93,138.93,1.0,0.0,0.0,None,0.0,0.0,0.0,ace,EQUITY TRADE COMMISSION,RECURRING,__NONE__,SMPLRM2,SMPLCS2,CREDITED,True,1,202607,REAL
SMPLTRD00236|1,SMPLTRD00236,1,SMPL002,202607,EQ|COMM,SMPLACCT-2108,2026-07-13 00:00:00,2026-07-14 00:00:00,151.81,151.81,1.0,0.0,0.0,None,0.0,0.0,0.0,ace,EQUITY TRADE COMMISSION,RECURRING,__NONE__,SMPLRM2,SMPLCS2,CREDITED,True,1,202607,REAL
SMPLTRD00237|1,SMPLTRD00237,1,SMPL002,202607,EQ|COMM,SMPLACCT-2106,2026-07-15 00:00:00,2026-07-16 00:00:00,130.39,130.39,1.0,0.0,0.0,None,0.0,0.0,0.0,ace,EQUITY TRADE COMMISSION,RECURRING,__NONE__,SMPLRM2,SMPLCS2,CREDITED,True,1,202607,REAL
SMPLTRD00238|1,SMPLTRD00238,1,SMPL002,202607,EQ|COMM,SMPLACCT-2107,2026-07-17 00:00:00,2026-07-18 00:00:00,150.73,150.73,1.0,0.0,0.0,None,0.0,0.0,0.0,ace,EQUITY TRADE COMMISSION,RECURRING,__NONE__,SMPLRM2,SMPLCS2,CREDITED,True,1,202607,REAL
SMPLTRD00239|1,SMPLTRD00239,1,SMPL002,202607,EQ|COMM,SMPLACCT-2108,2026-07-19 00:00:00,2026-07-20 00:00:00,138.1,138.1,1.0,0.0,0.0,None,0.0,0.0,0.0,ace,EQUITY TRADE COMMISSION,RECURRING,__NONE__,SMPLRM2,SMPLCS2,CREDITED,True,1,202607,REAL
SMPLTRD00240|1,SMPLTRD00240,1,SMPL002,202607,EQ|COMM,SMPLACCT-2106,2026-07-21 00:00:00,2026-07-22 00:00:00,147.13,147.13,1.0,0.0,0.0,None,0.0,0.0,0.0,ace,EQUITY TRADE COMMISSION,RECURRING,__NONE__,SMPLRM2,SMPLCS2,CREDITED,True,1,202607,REAL
SMPLTRD00241|1,SMPLTRD00241,1,SMPL002,202607,EQ|COMM,SMPLACCT-2107,2026-07-23 00:00:00,2026-07-24 00:00:00,152.18,152.18,1.0,0.0,0.0,None,0.0,0.0,0.0,ace,EQUITY TRADE COMMISSION,RECURRING,__NONE__,SMPLRM2,SMPLCS2,CREDITED,True,1,202607,REAL
SMPLTRD00242|1,SMPLTRD00242,1,SMPL002,202607,MF|COMM,SMPLACCT-2103,2026-07-11 00:00:00,2026-07-12 00:00:00,119,119.0,1.0,0.0,0.0,None,0.0,0.0,0.0,ace,MUTUAL FUND COMMISSION BELOW MINIMUM,RECURRING,92,SMPLRM2,SMPLCS2,NON_CREDITED,False,1,202607,REAL
SMPLTRD00243|1,SMPLTRD00243,1,SMPL002,202607,MF|COMM,SMPLACCT-2103,2026-07-12 00:00:00,2026-07-13 00:00:00,128,128.0,1.0,0.0,0.0,None,0.0,0.0,0.0,ace,MUTUAL FUND COMMISSION BELOW MINIMUM,RECURRING,92,SMPLRM2,SMPLCS2,NON_CREDITED,False,1,202607,REAL
SMPLTRD00244|1,SMPLTRD00244,1,SMPL002,202607,CASH|SWP,SMPLACCT-2108,2026-07-24 00:00:00,2026-07-25 00:00:00,1750.0,1750.0,1.0,18.0,18.0,None,0.0,0.0,1190000,money_mkt,MONTH M07-2026,RECURRING,__NONE__,SMPLRM2,SMPLCS2,CREDITED,True,1,202607,REAL
SMPLTRD00245|1,SMPLTRD00245,1,SMPL003,202604,UMA|FEE,SMPLACCT-3101,2026-04-28 00:00:00,2026-04-29 00:00:00,7430.0,7430.0,1.0,82.0,82.0,None,0.0,0.0,0.0,ace,MONTH M04-2026,RECURRING,__NONE__,SMPLRM3,SMPLCS3,CREDITED,True,1,202604,REAL
SMPLTRD00246|1,SMPLTRD00246,1,SMPL003,202604,UMA|FEE,SMPLACCT-3102,2026-04-28 00:00:00,2026-04-29 00:00:00,7560.0,7560.0,1.0,82.0,82.0,None,0.0,0.0,0.0,ace,MONTH M04-2026,RECURRING,__NONE__,SMPLRM3,SMPLCS3,CREDITED,True,1,202604,REAL
SMPLTRD00247|1,SMPLTRD00247,1,SMPL003,202604,UMA|FEE,SMPLACCT-3103,2026-04-28 00:00:00,2026-04-29 00:00:00,7690.0,7690.0,1.0,82.0,82.0,None,0.0,0.0,0.0,ace,MONTH M04-2026,RECURRING,__NONE__,SMPLRM3,SMPLCS3,CREDITED,True,1,202604,REAL
SMPLTRD00248|1,SMPLTRD00248,1,SMPL003,202604,UMA|FEE,SMPLACCT-3104,2026-04-28 00:00:00,2026-04-29 00:00:00,7820.0,7820.0,1.0,82.0,82.0,None,0.0,0.0,0.0,ace,MONTH M04-2026,RECURRING,__NONE__,SMPLRM3,SMPLCS3,CREDITED,True,1,202604,REAL
SMPLTRD00249|1,SMPLTRD00249,1,SMPL003,202604,UMA|FEE,SMPLACCT-3110,2026-04-15 00:00:00,2026-04-16 00:00:00,2400,2400.0,1.0,82.0,82.0,None,0.0,0.0,0.0,ace,MONTH M04-2026,RECURRING,__NONE__,SMPLRM3,SMPLCS3,CREDITED,True,1,202604,REAL
SMPLTRD00250|1,SMPLTRD00250,1,SMPL003,202604,UMA|FEE,SMPLACCT-3111,2026-04-18 00:00:00,2026-04-19 00:00:00,600,600.0,1.0,82.0,82.0,None,0.0,0.0,0.0,ace,MONTH M04-2026,RECURRING,__NONE__,SMPLRM3,SMPLCS3,CREDITED,True,1,202604,REAL
SMPLTRD00251|1,SMPLTRD00251,1,SMPL003,202604,UMA|FEE,SMPLACCT-3103,2026-04-02 00:00:00,2026-07-11 00:00:00,900.0,900.0,1.0,82.0,82.0,None,0.0,0.0,0.0,ace,MONTH M04-2026 LATE PROCESS,RECURRING,__NONE__,SMPLRM3,SMPLCS3,CREDITED,True,100,202604,REAL
SMPLTRD00252|1,SMPLTRD00252,1,SMPL003,202604,JPMCAP|FEE,SMPLACCT-3105,2026-04-27 00:00:00,2026-04-28 00:00:00,4800.0,4800.0,1.0,65.0,65.0,None,0.0,0.0,0.0,ace,MONTH M04-2026,RECURRING,__NONE__,SMPLRM3,SMPLCS3,CREDITED,True,1,202604,REAL
SMPLTRD00253|1,SMPLTRD00253,1,SMPL003,202604,ADV|FEE,SMPLACCT-3106,2026-04-27 00:00:00,2026-04-28 00:00:00,3800.0,3800.0,1.0,58.0,58.0,None,0.0,0.0,0.0,ace,MONTH M04-2026,RECURRING,__NONE__,SMPLRM3,SMPLCS3,CREDITED,True,1,202604,REAL
SMPLTRD00254|1,SMPLTRD00254,1,SMPL003,202604,MFT|12B1,SMPLACCT-3107,2026-04-25 00:00:00,2026-04-26 00:00:00,2650,2650.0,1.0,25.0,25.0,None,0.0,0.0,0.0,mf_12b1,MONTH M04-2026,RECURRING,__NONE__,SMPLRM3,SMPLCS3,CREDITED,True,1,202604,REAL
SMPLTRD00255|1,SMPLTRD00255,1,SMPL003,202604,MFT|12B1,SMPLACCT-3107,2026-04-26 00:00:00,2026-04-27 00:00:00,-150,-150.0,1.0,25.0,25.0,None,0.0,0.0,0.0,mf_12b1,MONTH M04-2026 REVERSAL,RECURRING,__NONE__,SMPLRM3,SMPLCS3,CREDITED,True,1,202604,REAL
SMPLTRD00256|1,SMPLTRD00256,1,SMPL003,202604,MFT|12B1,SMPLACCT-3107,2026-04-26 00:00:00,2026-04-27 00:00:00,-185,-185.0,1.0,25.0,25.0,None,0.0,0.0,0.0,mf_12b1,MONTH M04-2026 REVERSAL,RECURRING,__NONE__,SMPLRM3,SMPLCS3,CREDITED,True,1,202604,REAL
SMPLTRD00257|1,SMPLTRD00257,1,SMPL003,202604,MFT|12B1,SMPLACCT-3107,2026-04-26 00:00:00,2026-04-27 00:00:00,-220,-220.0,1.0,25.0,25.0,None,0.0,0.0,0.0,mf_12b1,MONTH M04-2026 REVERSAL,RECURRING,__NONE__,SMPLRM3,SMPLCS3,CREDITED,True,1,202604,REAL
SMPLTRD00258|1,SMPLTRD00258,1,SMPL003,202604,ANNU|TRL,SMPLACCT-3105,2026-04-23 00:00:00,2026-04-24 00:00:00,-114,-114.0,1.0,0.0,0.0,None,0.0,0.0,0.0,l_a_btr,MONTH M04-2026 ANNUITY REVERSAL,RECURRING,__NONE__,SMPLRM3,SMPLCS3,CREDITED,True,1,202604,REAL
SMPLTRD00259|1,SMPLTRD00259,1,SMPL003,202604,MAC|QFEE,SMPLACCT-3102,2026-04-15 00:00:00,2026-04-16 00:00:00,8600,8600.0,1.0,120.0,120.0,None,0.0,0.0,0.0,ace,QUARTERLY BILLING M04-2026,RECURRING,__NONE__,SMPLRM3,SMPLCS3,CREDITED,True,1,202604,REAL
SMPLTRD00260|1,SMPLTRD00260,1,SMPL003,202604,ANNU|TRL,SMPLACCT-3105,2026-04-22 00:00:00,2026-04-23 00:00:00,830,830.0,1.0,0.0,0.0,None,0.0,0.0,0.0,l_a_btr,ANNUITY TRAIL,RECURRING,__NONE__,SMPLRM3,SMPLCS3,CREDITED,True,1,202604,REAL
SMPLTRD00261|1,SMPLTRD00261,1,SMPL003,202604,MF|COMM,SMPLACCT-3103,2026-04-16 00:00:00,2026-04-17 00:00:00,475,475.0,1.0,0.0,0.0,None,0.0,0.0,0.0,ace,MUTUAL FUND COMMISSION,RECURRING,__NONE__,SMPLRM3,SMPLCS3,CREDITED,True,1,202604,REAL
SMPLTRD00262|1,SMPLTRD00262,1,SMPL003,202604,CASH|CD,SMPLACCT-3108,2026-04-19 00:00:00,2026-04-20 00:00:00,300,300.0,1.0,0.0,0.0,None,0.0,0.0,0.0,ace,BROKERED CD COMMISSION,RECURRING,__NONE__,SMPLRM3,SMPLCS3,CREDITED,True,1,202604,REAL
SMPLTRD00263|1,SMPLTRD00263,1,SMPL003,202604,EQ|COMM,SMPLACCT-3106,2026-04-03 00:00:00,2026-04-04 00:00:00,150.98,150.98,1.0,0.0,0.0,None,0.0,0.0,0.0,ace,EQUITY TRADE COMMISSION,RECURRING,91,SMPLRM3,SMPLCS3,NON_CREDITED,False,1,202604,REAL
SMPLTRD00264|1,SMPLTRD00264,1,SMPL003,202604,EQ|COMM,SMPLACCT-3107,2026-04-05 00:00:00,2026-04-06 00:00:00,154.22,154.22,1.0,0.0,0.0,None,0.0,0.0,0.0,ace,EQUITY TRADE COMMISSION,RECURRING,__NONE__,SMPLRM3,SMPLCS3,CREDITED,True,1,202604,REAL
SMPLTRD00265|1,SMPLTRD00265,1,SMPL003,202604,EQ|COMM,SMPLACCT-3108,2026-04-07 00:00:00,2026-04-08 00:00:00,125.85,125.85,1.0,0.0,0.0,None,0.0,0.0,0.0,ace,EQUITY TRADE COMMISSION,RECURRING,__NONE__,SMPLRM3,SMPLCS3,CREDITED,True,1,202604,REAL
SMPLTRD00266|1,SMPLTRD00266,1,SMPL003,202604,EQ|COMM,SMPLACCT-3106,2026-04-09 00:00:00,2026-04-10 00:00:00,144.58,144.58,1.0,0.0,0.0,None,0.0,0.0,0.0,ace,EQUITY TRADE COMMISSION,RECURRING,__NONE__,SMPLRM3,SMPLCS3,CREDITED,True,1,202604,REAL
SMPLTRD00267|1,SMPLTRD00267,1,SMPL003,202604,EQ|COMM,SMPLACCT-3107,2026-04-11 00:00:00,2026-04-12 00:00:00,153.02,153.02,1.0,0.0,0.0,None,0.0,0.0,0.0,ace,EQUITY TRADE COMMISSION,RECURRING,__NONE__,SMPLRM3,SMPLCS3,CREDITED,True,1,202604,REAL
SMPLTRD00268|1,SMPLTRD00268,1,SMPL003,202604,EQ|COMM,SMPLACCT-3108,2026-04-13 00:00:00,2026-04-14 00:00:00,150.39,150.39,1.0,0.0,0.0,None,0.0,0.0,0.0,ace,EQUITY TRADE COMMISSION,RECURRING,__NONE__,SMPLRM3,SMPLCS3,CREDITED,True,1,202604,REAL
SMPLTRD00269|1,SMPLTRD00269,1,SMPL003,202604,EQ|COMM,SMPLACCT-3106,2026-04-15 00:00:00,2026-04-16 00:00:00,124.96,124.96,1.0,0.0,0.0,None,0.0,0.0,0.0,ace,EQUITY TRADE COMMISSION,RECURRING,__NONE__,SMPLRM3,SMPLCS3,CREDITED,True,1,202604,REAL
SMPLTRD00270|1,SMPLTRD00270,1,SMPL003,202604,EQ|COMM,SMPLACCT-3107,2026-04-17 00:00:00,2026-04-18 00:00:00,162.99,162.99,1.0,0.0,0.0,None,0.0,0.0,0.0,ace,EQUITY TRADE COMMISSION,RECURRING,__NONE__,SMPLRM3,SMPLCS3,CREDITED,True,1,202604,REAL
SMPLTRD00271|1,SMPLTRD00271,1,SMPL003,202604,EQ|COMM,SMPLACCT-3108,2026-04-19 00:00:00,2026-04-20 00:00:00,121.61,121.61,1.0,0.0,0.0,None,0.0,0.0,0.0,ace,EQUITY TRADE COMMISSION,RECURRING,__NONE__,SMPLRM3,SMPLCS3,CREDITED,True,1,202604,REAL
SMPLTRD00272|1,SMPLTRD00272,1,SMPL003,202604,EQ|COMM,SMPLACCT-3106,2026-04-21 00:00:00,2026-04-22 00:00:00,142.51,142.51,1.0,0.0,0.0,None,0.0,0.0,0.0,ace,EQUITY TRADE COMMISSION,RECURRING,__NONE__,SMPLRM3,SMPLCS3,CREDITED,True,1,202604,REAL
SMPLTRD00273|1,SMPLTRD00273,1,SMPL003,202604,EQ|COMM,SMPLACCT-3107,2026-04-23 00:00:00,2026-04-24 00:00:00,123.2,123.2,1.0,0.0,0.0,None,0.0,0.0,0.0,ace,EQUITY TRADE COMMISSION,RECURRING,__NONE__,SMPLRM3,SMPLCS3,CREDITED,True,1,202604,REAL
SMPLTRD00274|1,SMPLTRD00274,1,SMPL003,202604,EQ|COMM,SMPLACCT-3108,2026-04-25 00:00:00,2026-04-26 00:00:00,146.11,146.11,1.0,0.0,0.0,None,0.0,0.0,0.0,ace,EQUITY TRADE COMMISSION,RECURRING,__NONE__,SMPLRM3,SMPLCS3,CREDITED,True,1,202604,REAL
SMPLTRD00275|1,SMPLTRD00275,1,SMPL003,202604,MF|COMM,SMPLACCT-3103,2026-04-11 00:00:00,2026-04-12 00:00:00,131,131.0,1.0,0.0,0.0,None,0.0,0.0,0.0,ace,MUTUAL FUND COMMISSION BELOW MINIMUM,RECURRING,92,SMPLRM3,SMPLCS3,NON_CREDITED,False,1,202604,REAL
SMPLTRD00276|1,SMPLTRD00276,1,SMPL003,202604,ADV|FEE,SMPLACCT-3106,2026-04-27 00:00:00,2026-04-28 00:00:00,640.0,640.0,1.0,58.0,58.0,None,0.0,0.0,0.0,ace,ADVISORY FEE,RECURRING,__NONE__,SMPLRM3,SMPLCS3,CREDITED,True,1,202604,REAL
SMPLTRD00277|1,SMPLTRD00277,1,SMPL003,202604,MFT|12B1,SMPLACCT-3107,2026-04-20 00:00:00,2026-04-21 00:00:00,500.0,500.0,1.0,25.0,25.0,None,0.0,0.0,0.0,mf_12b1,TRAIL BOOKING,RECURRING,__NONE__,SMPLRM3,SMPLCS3,CREDITED,True,1,202604,REAL
SMPLTRD00278|1,SMPLTRD00278,1,SMPL003,202604,CASH|SWP,SMPLACCT-3108,2026-04-24 00:00:00,2026-04-25 00:00:00,1900.0,1900.0,1.0,18.0,18.0,None,0.0,0.0,1310000,money_mkt,MONTH M04-2026,RECURRING,__NONE__,SMPLRM3,SMPLCS3,CREDITED,True,1,202604,REAL
SMPLTRD00279|1,SMPLTRD00279,1,SMPL003,202604,ANNU|COMM,SMPLACCT-3104,2026-04-09 00:00:00,2026-04-10 00:00:00,7400.0,7400.0,1.0,0.0,0.0,None,0.0,0.0,0.0,l_a_ancomm,ANNUITY ISSUED CONTRACT SMPL-77,ONE_TIME,__NONE__,SMPLRM3,SMPLCS3,CREDITED,True,1,202604,REAL
SMPLTRD00280|1,SMPLTRD00280,1,SMPL003,202605,UMA|FEE,SMPLACCT-3101,2026-05-28 00:00:00,2026-05-29 00:00:00,7092.27,7092.27,1.0,82.0,82.0,None,0.0,0.0,0.0,ace,MONTH M05-2026,RECURRING,__NONE__,SMPLRM3,SMPLCS3,CREDITED,True,1,202605,REAL
SMPLTRD00281|1,SMPLTRD00281,1,SMPL003,202605,UMA|FEE,SMPLACCT-3102,2026-05-28 00:00:00,2026-05-29 00:00:00,7216.36,7216.36,1.0,82.0,82.0,None,0.0,0.0,0.0,ace,MONTH M05-2026,RECURRING,__NONE__,SMPLRM3,SMPLCS3,CREDITED,True,1,202605,REAL
SMPLTRD00282|1,SMPLTRD00282,1,SMPL003,202605,UMA|FEE,SMPLACCT-3103,2026-05-28 00:00:00,2026-05-29 00:00:00,7340.45,7340.45,1.0,82.0,82.0,None,0.0,0.0,0.0,ace,MONTH M05-2026,RECURRING,__NONE__,SMPLRM3,SMPLCS3,CREDITED,True,1,202605,REAL
SMPLTRD00283|1,SMPLTRD00283,1,SMPL003,202605,UMA|FEE,SMPLACCT-3104,2026-05-28 00:00:00,2026-05-29 00:00:00,7464.55,7464.55,1.0,82.0,82.0,None,0.0,0.0,0.0,ace,MONTH M05-2026,RECURRING,__NONE__,SMPLRM3,SMPLCS3,CREDITED,True,1,202605,REAL
SMPLTRD00284|1,SMPLTRD00284,1,SMPL003,202605,UMA|FEE,SMPLACCT-3103,2026-05-02 00:00:00,2026-05-03 00:00:00,900.0,900.0,1.0,82.0,82.0,None,0.0,0.0,0.0,ace,MONTH M05-2026,RECURRING,__NONE__,SMPLRM3,SMPLCS3,CREDITED,True,1,202605,REAL
SMPLTRD00285|1,SMPLTRD00285,1,SMPL003,202605,JPMCAP|FEE,SMPLACCT-3105,2026-05-27 00:00:00,2026-05-28 00:00:00,4581.82,4581.82,1.0,65.0,65.0,None,0.0,0.0,0.0,ace,MONTH M05-2026,RECURRING,__NONE__,SMPLRM3,SMPLCS3,CREDITED,True,1,202605,REAL
SMPLTRD00286|1,SMPLTRD00286,1,SMPL003,202605,ADV|FEE,SMPLACCT-3106,2026-05-27 00:00:00,2026-05-28 00:00:00,3627.27,3627.27,1.0,58.0,58.0,None,0.0,0.0,0.0,ace,MONTH M05-2026,RECURRING,__NONE__,SMPLRM3,SMPLCS3,CREDITED,True,1,202605,REAL
SMPLTRD00287|1,SMPLTRD00287,1,SMPL003,202605,MFT|12B1,SMPLACCT-3107,2026-05-25 00:00:00,2026-05-26 00:00:00,2650,2650.0,1.0,25.0,25.0,None,0.0,0.0,0.0,mf_12b1,MONTH M05-2026,RECURRING,__NONE__,SMPLRM3,SMPLCS3,CREDITED,True,1,202605,REAL
SMPLTRD00288|1,SMPLTRD00288,1,SMPL003,202605,MFT|12B1,SMPLACCT-3107,2026-05-26 00:00:00,2026-05-27 00:00:00,-150,-150.0,1.0,25.0,25.0,None,0.0,0.0,0.0,mf_12b1,MONTH M05-2026 REVERSAL,RECURRING,__NONE__,SMPLRM3,SMPLCS3,CREDITED,True,1,202605,REAL
SMPLTRD00289|1,SMPLTRD00289,1,SMPL003,202605,MFT|12B1,SMPLACCT-3107,2026-05-26 00:00:00,2026-05-27 00:00:00,-185,-185.0,1.0,25.0,25.0,None,0.0,0.0,0.0,mf_12b1,MONTH M05-2026 REVERSAL,RECURRING,__NONE__,SMPLRM3,SMPLCS3,CREDITED,True,1,202605,REAL
SMPLTRD00290|1,SMPLTRD00290,1,SMPL003,202605,MFT|12B1,SMPLACCT-3107,2026-05-26 00:00:00,2026-05-27 00:00:00,-220,-220.0,1.0,25.0,25.0,None,0.0,0.0,0.0,mf_12b1,MONTH M05-2026 REVERSAL,RECURRING,__NONE__,SMPLRM3,SMPLCS3,CREDITED,True,1,202605,REAL
SMPLTRD00291|1,SMPLTRD00291,1,SMPL003,202605,MFT|12B1,SMPLACCT-3107,2026-05-26 00:00:00,2026-05-27 00:00:00,-255,-255.0,1.0,25.0,25.0,None,0.0,0.0,0.0,mf_12b1,MONTH M05-2026 REVERSAL,RECURRING,__NONE__,SMPLRM3,SMPLCS3,CREDITED,True,1,202605,REAL
SMPLTRD00292|1,SMPLTRD00292,1,SMPL003,202605,ANNU|TRL,SMPLACCT-3105,2026-05-23 00:00:00,2026-05-24 00:00:00,-114,-114.0,1.0,0.0,0.0,None,0.0,0.0,0.0,l_a_btr,MONTH M05-2026 ANNUITY REVERSAL,RECURRING,__NONE__,SMPLRM3,SMPLCS3,CREDITED,True,1,202605,REAL
SMPLTRD00293|1,SMPLTRD00293,1,SMPL003,202605,ANNU|TRL,SMPLACCT-3105,2026-05-23 00:00:00,2026-05-24 00:00:00,-139,-139.0,1.0,0.0,0.0,None,0.0,0.0,0.0,l_a_btr,MONTH M05-2026 ANNUITY REVERSAL,RECURRING,__NONE__,SMPLRM3,SMPLCS3,CREDITED,True,1,202605,REAL
SMPLTRD00294|1,SMPLTRD00294,1,SMPL003,202605,STRP|SYND,SMPLACCT-3101,2026-05-12 00:00:00,2026-05-13 00:00:00,17300,17300.0,1.0,0.0,0.0,None,0.0,0.0,0.0,twhs,SYNDICATE ALLOCATION,ONE_TIME,__NONE__,SMPLRM3,SMPLCS3,CREDITED,True,1,202605,REAL
SMPLTRD00295|1,SMPLTRD00295,1,SMPL003,202605,STRP|SYND,SMPLACCT-3101,2026-05-13 00:00:00,2026-05-14 00:00:00,18500,18500.0,1.0,0.0,0.0,None,0.0,0.0,0.0,twhs,SYNDICATE ALLOCATION,ONE_TIME,__NONE__,SMPLRM3,SMPLCS3,CREDITED,True,1,202605,REAL
SMPLTRD00296|1,SMPLTRD00296,1,SMPL003,202605,STRP|SYND,SMPLACCT-3101,2026-05-14 00:00:00,2026-05-15 00:00:00,19700,19700.0,1.0,0.0,0.0,None,0.0,0.0,0.0,twhs,SYNDICATE ALLOCATION,ONE_TIME,__NONE__,SMPLRM3,SMPLCS3,CREDITED,True,1,202605,REAL
SMPLTRD00297|1,SMPLTRD00297,1,SMPL003,202605,ANNU|TRL,SMPLACCT-3105,2026-05-22 00:00:00,2026-05-23 00:00:00,830,830.0,1.0,0.0,0.0,None,0.0,0.0,0.0,l_a_btr,ANNUITY TRAIL,RECURRING,__NONE__,SMPLRM3,SMPLCS3,CREDITED,True,1,202605,REAL
SMPLTRD00298|1,SMPLTRD00298,1,SMPL003,202605,MF|COMM,SMPLACCT-3103,2026-05-16 00:00:00,2026-05-17 00:00:00,475,475.0,1.0,0.0,0.0,None,0.0,0.0,0.0,ace,MUTUAL FUND COMMISSION,RECURRING,__NONE__,SMPLRM3,SMPLCS3,CREDITED,True,1,202605,REAL
SMPLTRD00299|1,SMPLTRD00299,1,SMPL003,202605,CASH|CD,SMPLACCT-3108,2026-05-19 00:00:00,2026-05-20 00:00:00,300,300.0,1.0,0.0,0.0,None,0.0,0.0,0.0,ace,BROKERED CD COMMISSION,RECURRING,__NONE__,SMPLRM3,SMPLCS3,CREDITED,True,1,202605,REAL
SMPLTRD00300|1,SMPLTRD00300,1,SMPL003,202605,EQ|COMM,SMPLACCT-3106,2026-05-03 00:00:00,2026-05-04 00:00:00,130.06,130.06,1.0,0.0,0.0,None,0.0,0.0,0.0,ace,EQUITY TRADE COMMISSION,RECURRING,91,SMPLRM3,SMPLCS3,NON_CREDITED,False,1,202605,REAL
SMPLTRD00301|1,SMPLTRD00301,1,SMPL003,202605,EQ|COMM,SMPLACCT-3107,2026-05-05 00:00:00,2026-05-06 00:00:00,128.06,128.06,1.0,0.0,0.0,None,0.0,0.0,0.0,ace,EQUITY TRADE COMMISSION,RECURRING,__NONE__,SMPLRM3,SMPLCS3,CREDITED,True,1,202605,REAL
SMPLTRD00302|1,SMPLTRD00302,1,SMPL003,202605,EQ|COMM,SMPLACCT-3108,2026-05-07 00:00:00,2026-05-08 00:00:00,137.6,137.6,1.0,0.0,0.0,None,0.0,0.0,0.0,ace,EQUITY TRADE COMMISSION,RECURRING,__NONE__,SMPLRM3,SMPLCS3,CREDITED,True,1,202605,REAL
SMPLTRD00303|1,SMPLTRD00303,1,SMPL003,202605,EQ|COMM,SMPLACCT-3106,2026-05-09 00:00:00,2026-05-10 00:00:00,158.39,158.39,1.0,0.0,0.0,None,0.0,0.0,0.0,ace,EQUITY TRADE COMMISSION,RECURRING,__NONE__,SMPLRM3,SMPLCS3,CREDITED,True,1,202605,REAL
SMPLTRD00304|1,SMPLTRD00304,1,SMPL003,202605,EQ|COMM,SMPLACCT-3107,2026-05-11 00:00:00,2026-05-12 00:00:00,134.38,134.38,1.0,0.0,0.0,None,0.0,0.0,0.0,ace,EQUITY TRADE COMMISSION,RECURRING,__NONE__,SMPLRM3,SMPLCS3,CREDITED,True,1,202605,REAL
SMPLTRD00305|1,SMPLTRD00305,1,SMPL003,202605,EQ|COMM,SMPLACCT-3108,2026-05-13 00:00:00,2026-05-14 00:00:00,144.72,144.72,1.0,0.0,0.0,None,0.0,0.0,0.0,ace,EQUITY TRADE COMMISSION,RECURRING,__NONE__,SMPLRM3,SMPLCS3,CREDITED,True,1,202605,REAL
SMPLTRD00306|1,SMPLTRD00306,1,SMPL003,202605,EQ|COMM,SMPLACCT-3106,2026-05-15 00:00:00,2026-05-16 00:00:00,126.68,126.68,1.0,0.0,0.0,None,0.0,0.0,0.0,ace,EQUITY TRADE COMMISSION,RECURRING,__NONE__,SMPLRM3,SMPLCS3,CREDITED,True,1,202605,REAL
SMPLTRD00307|1,SMPLTRD00307,1,SMPL003,202605,EQ|COMM,SMPLACCT-3107,2026-05-17 00:00:00,2026-05-18 00:00:00,124.02,124.02,1.0,0.0,0.0,None,0.0,0.0,0.0,ace,EQUITY TRADE COMMISSION,RECURRING,__NONE__,SMPLRM3,SMPLCS3,CREDITED,True,1,202605,REAL
SMPLTRD00308|1,SMPLTRD00308,1,SMPL003,202605,EQ|COMM,SMPLACCT-3108,2026-05-19 00:00:00,2026-05-20 00:00:00,120.36,120.36,1.0,0.0,0.0,None,0.0,0.0,0.0,ace,EQUITY TRADE COMMISSION,RECURRING,__NONE__,SMPLRM3,SMPLCS3,CREDITED,True,1,202605,REAL
SMPLTRD00309|1,SMPLTRD00309,1,SMPL003,202605,MF|COMM,SMPLACCT-3103,2026-05-11 00:00:00,2026-05-12 00:00:00,131,131.0,1.0,0.0,0.0,None,0.0,0.0,0.0,ace,MUTUAL FUND COMMISSION BELOW MINIMUM,RECURRING,92,SMPLRM3,SMPLCS3,NON_CREDITED,False,1,202605,REAL
SMPLTRD00310|1,SMPLTRD00310,1,SMPL003,202605,MF|COMM,SMPLACCT-3103,2026-05-12 00:00:00,2026-05-13 00:00:00,140,140.0,1.0,0.0,0.0,None,0.0,0.0,0.0,ace,MUTUAL FUND COMMISSION BELOW MINIMUM,RECURRING,92,SMPLRM3,SMPLCS3,NON_CREDITED,False,1,202605,REAL
SMPLTRD00311|1,SMPLTRD00311,1,SMPL003,202605,ADV|FEE,SMPLACCT-3106,2026-05-27 00:00:00,2026-05-28 00:00:00,610.91,610.91,1.0,58.0,58.0,None,0.0,0.0,0.0,ace,ADVISORY FEE (FULL MONTH LOA),RECURRING,9L,SMPLRM3,SMPLCS3,NON_CREDITED,False,1,202605,REAL
SMPLTRD00312|1,SMPLTRD00312,1,SMPL003,202605,MFT|12B1,SMPLACCT-3107,2026-05-20 00:00:00,2026-05-21 00:00:00,500.0,500.0,1.0,25.0,25.0,None,0.0,0.0,0.0,mf_12b1,TRAIL BOOKING (DELETED),RECURRING,9X,SMPLRM3,SMPLCS3,EXCLUDED,False,1,202605,REAL
SMPLTRD00313|1,SMPLTRD00313,1,SMPL003,202605,CASH|SWP,SMPLACCT-3108,2026-05-24 00:00:00,2026-05-25 00:00:00,1900.0,1900.0,1.0,18.0,18.0,None,0.0,0.0,1310000,money_mkt,MONTH M05-2026,RECURRING,__NONE__,SMPLRM3,SMPLCS3,CREDITED,True,1,202605,REAL
SMPLTRD00314|1,SMPLTRD00314,1,SMPL003,202606,UMA|FEE,SMPLACCT-3101,2026-06-28 00:00:00,2026-06-29 00:00:00,6538.4,6538.4,1.0,82.0,82.0,Discount,891.6,12.0,0.0,ace,MONTH M06-2026,RECURRING,__NONE__,SMPLRM3,SMPLCS3,CREDITED,True,1,202606,REAL
SMPLTRD00315|1,SMPLTRD00315,1,SMPL003,202606,UMA|FEE,SMPLACCT-3102,2026-06-28 00:00:00,2026-06-29 00:00:00,6652.8,6652.8,1.0,82.0,82.0,Discount,907.2,12.0,0.0,ace,MONTH M06-2026,RECURRING,__NONE__,SMPLRM3,SMPLCS3,CREDITED,True,1,202606,REAL
SMPLTRD00316|1,SMPLTRD00316,1,SMPL003,202606,UMA|FEE,SMPLACCT-3103,2026-06-28 00:00:00,2026-06-29 00:00:00,7690.0,7690.0,1.0,82.0,82.0,None,0.0,0.0,0.0,ace,MONTH M06-2026,RECURRING,__NONE__,SMPLRM3,SMPLCS3,CREDITED,True,1,202606,REAL
SMPLTRD00317|1,SMPLTRD00317,1,SMPL003,202606,UMA|FEE,SMPLACCT-3104,2026-06-28 00:00:00,2026-06-29 00:00:00,7820.0,7820.0,1.0,82.0,82.0,None,0.0,0.0,0.0,ace,MONTH M06-2026,RECURRING,__NONE__,SMPLRM3,SMPLCS3,CREDITED,True,1,202606,REAL
SMPLTRD00318|1,SMPLTRD00318,1,SMPL003,202606,UMA|FEE,SMPLACCT-3109,2026-06-28 00:00:00,2026-06-29 00:00:00,5150,5150.0,1.0,82.0,82.0,None,0.0,0.0,0.0,ace,MONTH M06-2026,RECURRING,__NONE__,SMPLRM3,SMPLCS3,CREDITED,True,1,202606,REAL
SMPLTRD00319|1,SMPLTRD00319,1,SMPL003,202606,UMA|FEE,SMPLACCT-3111,2026-06-18 00:00:00,2026-06-19 00:00:00,600,600.0,1.0,82.0,82.0,None,0.0,0.0,0.0,ace,MONTH M06-2026,RECURRING,__NONE__,SMPLRM3,SMPLCS3,CREDITED,True,1,202606,REAL
SMPLTRD00320|1,SMPLTRD00320,1,SMPL003,202606,UMA|FEE,SMPLACCT-3103,2026-06-02 00:00:00,2026-06-03 00:00:00,900.0,900.0,1.0,82.0,82.0,None,0.0,0.0,0.0,ace,MONTH M06-2026,RECURRING,__NONE__,SMPLRM3,SMPLCS3,CREDITED,True,1,202606,REAL
SMPLTRD00321|1,SMPLTRD00321,1,SMPL003,202606,JPMCAP|FEE,SMPLACCT-3105,2026-06-27 00:00:00,2026-06-28 00:00:00,4800.0,4800.0,1.0,65.0,65.0,None,0.0,0.0,0.0,ace,MONTH M06-2026,RECURRING,__NONE__,SMPLRM3,SMPLCS3,CREDITED,True,1,202606,REAL
SMPLTRD00322|1,SMPLTRD00322,1,SMPL003,202606,ADV|FEE,SMPLACCT-3106,2026-06-27 00:00:00,2026-06-28 00:00:00,3800.0,3800.0,1.0,58.0,58.0,None,0.0,0.0,0.0,ace,MONTH M06-2026,RECURRING,__NONE__,SMPLRM3,SMPLCS3,CREDITED,True,1,202606,REAL
SMPLTRD00323|1,SMPLTRD00323,1,SMPL003,202606,MFT|12B1,SMPLACCT-3107,2026-06-25 00:00:00,2026-06-26 00:00:00,2650,2650.0,1.0,25.0,25.0,None,0.0,0.0,0.0,mf_12b1,MONTH M06-2026,RECURRING,__NONE__,SMPLRM3,SMPLCS3,CREDITED,True,1,202606,REAL
SMPLTRD00324|1,SMPLTRD00324,1,SMPL003,202606,MFT|12B1,SMPLACCT-3107,2026-06-26 00:00:00,2026-06-27 00:00:00,-150,-150.0,1.0,25.0,25.0,None,0.0,0.0,0.0,mf_12b1,MONTH M06-2026 REVERSAL,RECURRING,__NONE__,SMPLRM3,SMPLCS3,CREDITED,True,1,202606,REAL
SMPLTRD00325|1,SMPLTRD00325,1,SMPL003,202606,MFT|12B1,SMPLACCT-3107,2026-06-26 00:00:00,2026-06-27 00:00:00,-185,-185.0,1.0,25.0,25.0,None,0.0,0.0,0.0,mf_12b1,MONTH M06-2026 REVERSAL,RECURRING,__NONE__,SMPLRM3,SMPLCS3,CREDITED,True,1,202606,REAL
SMPLTRD00326|1,SMPLTRD00326,1,SMPL003,202606,MFT|12B1,SMPLACCT-3107,2026-06-26 00:00:00,2026-06-27 00:00:00,-220,-220.0,1.0,25.0,25.0,None,0.0,0.0,0.0,mf_12b1,MONTH M06-2026 REVERSAL,RECURRING,__NONE__,SMPLRM3,SMPLCS3,CREDITED,True,1,202606,REAL
SMPLTRD00327|1,SMPLTRD00327,1,SMPL003,202606,MFT|12B1,SMPLACCT-3107,2026-06-26 00:00:00,2026-06-27 00:00:00,-255,-255.0,1.0,25.0,25.0,None,0.0,0.0,0.0,mf_12b1,MONTH M06-2026 REVERSAL,RECURRING,__NONE__,SMPLRM3,SMPLCS3,CREDITED,True,1,202606,REAL
SMPLTRD00328|1,SMPLTRD00328,1,SMPL003,202606,MFT|12B1,SMPLACCT-3107,2026-06-26 00:00:00,2026-06-27 00:00:00,-290,-290.0,1.0,25.0,25.0,None,0.0,0.0,0.0,mf_12b1,MONTH M06-2026 REVERSAL,RECURRING,__NONE__,SMPLRM3,SMPLCS3,CREDITED,True,1,202606,REAL
SMPLTRD00329|1,SMPLTRD00329,1,SMPL003,202606,MFT|12B1,SMPLACCT-3107,2026-06-26 00:00:00,2026-06-27 00:00:00,-325,-325.0,1.0,25.0,25.0,None,0.0,0.0,0.0,mf_12b1,MONTH M06-2026 REVERSAL,RECURRING,__NONE__,SMPLRM3,SMPLCS3,CREDITED,True,1,202606,REAL
SMPLTRD00330|1,SMPLTRD00330,1,SMPL003,202606,ANNU|TRL,SMPLACCT-3105,2026-06-23 00:00:00,2026-06-24 00:00:00,-114,-114.0,1.0,0.0,0.0,None,0.0,0.0,0.0,l_a_btr,MONTH M06-2026 ANNUITY REVERSAL,RECURRING,__NONE__,SMPLRM3,SMPLCS3,CREDITED,True,1,202606,REAL
SMPLTRD00331|1,SMPLTRD00331,1,SMPL003,202606,ANNU|TRL,SMPLACCT-3105,2026-06-23 00:00:00,2026-06-24 00:00:00,-139,-139.0,1.0,0.0,0.0,None,0.0,0.0,0.0,l_a_btr,MONTH M06-2026 ANNUITY REVERSAL,RECURRING,__NONE__,SMPLRM3,SMPLCS3,CREDITED,True,1,202606,REAL
SMPLTRD00332|1,SMPLTRD00332,1,SMPL003,202606,ANNU|TRL,SMPLACCT-3105,2026-06-23 00:00:00,2026-06-24 00:00:00,-164,-164.0,1.0,0.0,0.0,None,0.0,0.0,0.0,l_a_btr,MONTH M06-2026 ANNUITY REVERSAL,RECURRING,__NONE__,SMPLRM3,SMPLCS3,CREDITED,True,1,202606,REAL
SMPLTRD00333|1,SMPLTRD00333,1,SMPL003,202606,MAC|QFEE,SMPLACCT-3102,2026-06-15 00:00:00,2026-06-16 00:00:00,8600,8600.0,1.0,120.0,120.0,None,0.0,0.0,0.0,ace,QUARTERLY BILLING M06-2026,RECURRING,__NONE__,SMPLRM3,SMPLCS3,CREDITED,True,1,202606,REAL
SMPLTRD00334|1,SMPLTRD00334,1,SMPL003,202606,ANNU|TRL,SMPLACCT-3105,2026-06-22 00:00:00,2026-06-23 00:00:00,830,830.0,1.0,0.0,0.0,None,0.0,0.0,0.0,l_a_btr,ANNUITY TRAIL,RECURRING,__NONE__,SMPLRM3,SMPLCS3,CREDITED,True,1,202606,REAL
SMPLTRD00335|1,SMPLTRD00335,1,SMPL003,202606,MF|COMM,SMPLACCT-3103,2026-06-16 00:00:00,2026-06-17 00:00:00,475,475.0,1.0,0.0,0.0,None,0.0,0.0,0.0,ace,MUTUAL FUND COMMISSION,RECURRING,__NONE__,SMPLRM3,SMPLCS3,CREDITED,True,1,202606,REAL
SMPLTRD00336|1,SMPLTRD00336,1,SMPL003,202606,CASH|CD,SMPLACCT-3108,2026-06-19 00:00:00,2026-06-20 00:00:00,300,300.0,1.0,0.0,0.0,None,0.0,0.0,0.0,ace,BROKERED CD COMMISSION,RECURRING,__NONE__,SMPLRM3,SMPLCS3,CREDITED,True,1,202606,REAL
SMPLTRD00337|1,SMPLTRD00337,1,SMPL003,202606,EQ|COMM,SMPLACCT-3106,2026-06-03 00:00:00,2026-06-04 00:00:00,163.01,163.01,1.0,0.0,0.0,None,0.0,0.0,0.0,ace,EQUITY TRADE COMMISSION,RECURRING,91,SMPLRM3,SMPLCS3,NON_CREDITED,False,1,202606,REAL
SMPLTRD00338|1,SMPLTRD00338,1,SMPL003,202606,EQ|COMM,SMPLACCT-3107,2026-06-05 00:00:00,2026-06-06 00:00:00,143.06,143.06,1.0,0.0,0.0,None,0.0,0.0,0.0,ace,EQUITY TRADE COMMISSION,RECURRING,__NONE__,SMPLRM3,SMPLCS3,CREDITED,True,1,202606,REAL
SMPLTRD00339|1,SMPLTRD00339,1,SMPL003,202606,EQ|COMM,SMPLACCT-3108,2026-06-07 00:00:00,2026-06-08 00:00:00,133.86,133.86,1.0,0.0,0.0,None,0.0,0.0,0.0,ace,EQUITY TRADE COMMISSION,RECURRING,__NONE__,SMPLRM3,SMPLCS3,CREDITED,True,1,202606,REAL
SMPLTRD00340|1,SMPLTRD00340,1,SMPL003,202606,EQ|COMM,SMPLACCT-3106,2026-06-09 00:00:00,2026-06-10 00:00:00,160.47,160.47,1.0,0.0,0.0,None,0.0,0.0,0.0,ace,EQUITY TRADE COMMISSION,RECURRING,__NONE__,SMPLRM3,SMPLCS3,CREDITED,True,1,202606,REAL
SMPLTRD00341|1,SMPLTRD00341,1,SMPL003,202606,EQ|COMM,SMPLACCT-3107,2026-06-11 00:00:00,2026-06-12 00:00:00,164.53,164.53,1.0,0.0,0.0,None,0.0,0.0,0.0,ace,EQUITY TRADE COMMISSION,RECURRING,__NONE__,SMPLRM3,SMPLCS3,CREDITED,True,1,202606,REAL
SMPLTRD00342|1,SMPLTRD00342,1,SMPL003,202606,EQ|COMM,SMPLACCT-3108,2026-06-13 00:00:00,2026-06-14 00:00:00,138.46,138.46,1.0,0.0,0.0,None,0.0,0.0,0.0,ace,EQUITY TRADE COMMISSION,RECURRING,__NONE__,SMPLRM3,SMPLCS3,CREDITED,True,1,202606,REAL
SMPLTRD00343|1,SMPLTRD00343,1,SMPL003,202606,EQ|COMM,SMPLACCT-3106,2026-06-15 00:00:00,2026-06-16 00:00:00,143.41,143.41,1.0,0.0,0.0,None,0.0,0.0,0.0,ace,EQUITY TRADE COMMISSION,RECURRING,__NONE__,SMPLRM3,SMPLCS3,CREDITED,True,1,202606,REAL
SMPLTRD00344|1,SMPLTRD00344,1,SMPL003,202606,EQ|COMM,SMPLACCT-3107,2026-06-17 00:00:00,2026-06-18 00:00:00,147.1,147.1,1.0,0.0,0.0,None,0.0,0.0,0.0,ace,EQUITY TRADE COMMISSION,RECURRING,__NONE__,SMPLRM3,SMPLCS3,CREDITED,True,1,202606,REAL
SMPLTRD00345|1,SMPLTRD00345,1,SMPL003,202606,EQ|COMM,SMPLACCT-3108,2026-06-19 00:00:00,2026-06-20 00:00:00,144.74,144.74,1.0,0.0,0.0,None,0.0,0.0,0.0,ace,EQUITY TRADE COMMISSION,RECURRING,__NONE__,SMPLRM3,SMPLCS3,CREDITED,True,1,202606,REAL
SMPLTRD00346|1,SMPLTRD00346,1,SMPL003,202606,EQ|COMM,SMPLACCT-3106,2026-06-21 00:00:00,2026-06-22 00:00:00,159.1,159.1,1.0,0.0,0.0,None,0.0,0.0,0.0,ace,EQUITY TRADE COMMISSION,RECURRING,__NONE__,SMPLRM3,SMPLCS3,CREDITED,True,1,202606,REAL
SMPLTRD00347|1,SMPLTRD00347,1,SMPL003,202606,EQ|COMM,SMPLACCT-3107,2026-06-23 00:00:00,2026-06-24 00:00:00,129.19,129.19,1.0,0.0,0.0,None,0.0,0.0,0.0,ace,EQUITY TRADE COMMISSION,RECURRING,__NONE__,SMPLRM3,SMPLCS3,CREDITED,True,1,202606,REAL
SMPLTRD00348|1,SMPLTRD00348,1,SMPL003,202606,EQ|COMM,SMPLACCT-3108,2026-06-25 00:00:00,2026-06-26 00:00:00,131.2,131.2,1.0,0.0,0.0,None,0.0,0.0,0.0,ace,EQUITY TRADE COMMISSION,RECURRING,__NONE__,SMPLRM3,SMPLCS3,CREDITED,True,1,202606,REAL
SMPLTRD00349|1,SMPLTRD00349,1,SMPL003,202606,EQ|COMM,SMPLACCT-3106,2026-06-03 00:00:00,2026-06-04 00:00:00,148.15,148.15,1.0,0.0,0.0,None,0.0,0.0,0.0,ace,EQUITY TRADE COMMISSION,RECURRING,__NONE__,SMPLRM3,SMPLCS3,CREDITED,True,1,202606,REAL
SMPLTRD00350|1,SMPLTRD00350,1,SMPL003,202606,MF|COMM,SMPLACCT-3103,2026-06-11 00:00:00,2026-06-12 00:00:00,131,131.0,1.0,0.0,0.0,None,0.0,0.0,0.0,ace,MUTUAL FUND COMMISSION BELOW MINIMUM,RECURRING,92,SMPLRM3,SMPLCS3,NON_CREDITED,False,1,202606,REAL
SMPLTRD00351|1,SMPLTRD00351,1,SMPL003,202606,MF|COMM,SMPLACCT-3103,2026-06-12 00:00:00,2026-06-13 00:00:00,140,140.0,1.0,0.0,0.0,None,0.0,0.0,0.0,ace,MUTUAL FUND COMMISSION BELOW MINIMUM,RECURRING,92,SMPLRM3,SMPLCS3,NON_CREDITED,False,1,202606,REAL
SMPLTRD00352|1,SMPLTRD00352,1,SMPL003,202606,ADV|FEE,SMPLACCT-3106,2026-06-27 00:00:00,2026-06-28 00:00:00,640.0,640.0,1.0,58.0,58.0,None,0.0,0.0,0.0,ace,ADVISORY FEE,RECURRING,__NONE__,SMPLRM3,SMPLCS3,CREDITED,True,1,202606,REAL
SMPLTRD00353|1,SMPLTRD00353,1,SMPL003,202606,MFT|12B1,SMPLACCT-3107,2026-06-20 00:00:00,2026-06-21 00:00:00,500.0,500.0,1.0,25.0,25.0,None,0.0,0.0,0.0,mf_12b1,TRAIL BOOKING (DELETED),RECURRING,9X,SMPLRM3,SMPLCS3,EXCLUDED,False,1,202606,REAL
SMPLTRD00354|1,SMPLTRD00354,1,SMPL003,202606,CASH|SWP,SMPLACCT-3108,2026-06-24 00:00:00,2026-06-25 00:00:00,1900.0,1900.0,1.0,18.0,18.0,None,0.0,0.0,1310000,money_mkt,MONTH M06-2026,RECURRING,__NONE__,SMPLRM3,SMPLCS3,CREDITED,True,1,202606,REAL
SMPLTRD00355|1,SMPLTRD00355,1,SMPL003,202607,UMA|FEE,SMPLACCT-3101,2026-07-28 00:00:00,2026-07-29 00:00:00,6538.4,6538.4,1.0,82.0,82.0,Discount,891.6,12.0,0.0,ace,MONTH M07-2026,RECURRING,__NONE__,SMPLRM3,SMPLCS3,CREDITED,True,1,202607,REAL
SMPLTRD00356|1,SMPLTRD00356,1,SMPL003,202607,UMA|FEE,SMPLACCT-3102,2026-07-28 00:00:00,2026-07-29 00:00:00,6652.8,6652.8,1.0,82.0,82.0,Discount,907.2,12.0,0.0,ace,MONTH M07-2026,RECURRING,__NONE__,SMPLRM3,SMPLCS3,CREDITED,True,1,202607,REAL
SMPLTRD00357|1,SMPLTRD00357,1,SMPL003,202607,UMA|FEE,SMPLACCT-3103,2026-07-28 00:00:00,2026-07-29 00:00:00,7690.0,7690.0,1.0,82.0,82.0,None,0.0,0.0,0.0,ace,MONTH M07-2026,RECURRING,__NONE__,SMPLRM3,SMPLCS3,CREDITED,True,1,202607,REAL
SMPLTRD00358|1,SMPLTRD00358,1,SMPL003,202607,UMA|FEE,SMPLACCT-3109,2026-07-28 00:00:00,2026-07-29 00:00:00,5150,5150.0,1.0,82.0,82.0,None,0.0,0.0,0.0,ace,MONTH M07-2026,RECURRING,__NONE__,SMPLRM3,SMPLCS3,CREDITED,True,1,202607,REAL
SMPLTRD00359|1,SMPLTRD00359,1,SMPL003,202607,UMA|FEE,SMPLACCT-3111,2026-07-18 00:00:00,2026-07-19 00:00:00,600,600.0,1.0,82.0,82.0,None,0.0,0.0,0.0,ace,MONTH M07-2026,RECURRING,__NONE__,SMPLRM3,SMPLCS3,CREDITED,True,1,202607,REAL
SMPLTRD00360|1,SMPLTRD00360,1,SMPL003,202607,UMA|FEE,SMPLACCT-3103,2026-07-02 00:00:00,2026-07-03 00:00:00,900.0,900.0,1.0,82.0,82.0,None,0.0,0.0,0.0,ace,MONTH M07-2026,RECURRING,__NONE__,SMPLRM3,SMPLCS3,CREDITED,True,1,202607,REAL
SMPLTRD00361|1,SMPLTRD00361,1,SMPL003,202607,JPMCAP|FEE,SMPLACCT-3105,2026-07-27 00:00:00,2026-07-28 00:00:00,4800.0,4800.0,1.0,65.0,65.0,None,0.0,0.0,0.0,ace,MONTH M07-2026,RECURRING,__NONE__,SMPLRM3,SMPLCS3,CREDITED,True,1,202607,REAL
SMPLTRD00362|1,SMPLTRD00362,1,SMPL003,202607,ADV|FEE,SMPLACCT-3106,2026-07-27 00:00:00,2026-07-28 00:00:00,3800.0,3800.0,1.0,58.0,58.0,None,0.0,0.0,0.0,ace,MONTH M07-2026,RECURRING,__NONE__,SMPLRM3,SMPLCS3,CREDITED,True,1,202607,REAL
SMPLTRD00363|1,SMPLTRD00363,1,SMPL003,202607,MFT|12B1,SMPLACCT-3107,2026-07-25 00:00:00,2026-07-26 00:00:00,2650,2650.0,1.0,25.0,25.0,None,0.0,0.0,0.0,mf_12b1,MONTH M07-2026,RECURRING,__NONE__,SMPLRM3,SMPLCS3,CREDITED,True,1,202607,REAL
SMPLTRD00364|1,SMPLTRD00364,1,SMPL003,202607,MFT|12B1,SMPLACCT-3107,2026-07-26 00:00:00,2026-07-27 00:00:00,-150,-150.0,1.0,25.0,25.0,None,0.0,0.0,0.0,mf_12b1,MONTH M07-2026 REVERSAL,RECURRING,__NONE__,SMPLRM3,SMPLCS3,CREDITED,True,1,202607,REAL
SMPLTRD00365|1,SMPLTRD00365,1,SMPL003,202607,MFT|12B1,SMPLACCT-3107,2026-07-26 00:00:00,2026-07-27 00:00:00,-185,-185.0,1.0,25.0,25.0,None,0.0,0.0,0.0,mf_12b1,MONTH M07-2026 REVERSAL,RECURRING,__NONE__,SMPLRM3,SMPLCS3,CREDITED,True,1,202607,REAL
SMPLTRD00366|1,SMPLTRD00366,1,SMPL003,202607,MFT|12B1,SMPLACCT-3107,2026-07-26 00:00:00,2026-07-27 00:00:00,-220,-220.0,1.0,25.0,25.0,None,0.0,0.0,0.0,mf_12b1,MONTH M07-2026 REVERSAL,RECURRING,__NONE__,SMPLRM3,SMPLCS3,CREDITED,True,1,202607,REAL
SMPLTRD00367|1,SMPLTRD00367,1,SMPL003,202607,MFT|12B1,SMPLACCT-3107,2026-07-26 00:00:00,2026-07-27 00:00:00,-255,-255.0,1.0,25.0,25.0,None,0.0,0.0,0.0,mf_12b1,MONTH M07-2026 REVERSAL,RECURRING,__NONE__,SMPLRM3,SMPLCS3,CREDITED,True,1,202607,REAL
SMPLTRD00368|1,SMPLTRD00368,1,SMPL003,202607,MFT|12B1,SMPLACCT-3107,2026-07-26 00:00:00,2026-07-27 00:00:00,-290,-290.0,1.0,25.0,25.0,None,0.0,0.0,0.0,mf_12b1,MONTH M07-2026 REVERSAL,RECURRING,__NONE__,SMPLRM3,SMPLCS3,CREDITED,True,1,202607,REAL
SMPLTRD00369|1,SMPLTRD00369,1,SMPL003,202607,ANNU|TRL,SMPLACCT-3105,2026-07-23 00:00:00,2026-07-24 00:00:00,-114,-114.0,1.0,0.0,0.0,None,0.0,0.0,0.0,l_a_btr,MONTH M07-2026 ANNUITY REVERSAL,RECURRING,__NONE__,SMPLRM3,SMPLCS3,CREDITED,True,1,202607,REAL
SMPLTRD00370|1,SMPLTRD00370,1,SMPL003,202607,ANNU|TRL,SMPLACCT-3105,2026-07-23 00:00:00,2026-07-24 00:00:00,-139,-139.0,1.0,0.0,0.0,None,0.0,0.0,0.0,l_a_btr,MONTH M07-2026 ANNUITY REVERSAL,RECURRING,__NONE__,SMPLRM3,SMPLCS3,CREDITED,True,1,202607,REAL
SMPLTRD00371|1,SMPLTRD00371,1,SMPL003,202607,ANNU|TRL,SMPLACCT-3105,2026-07-08 00:00:00,2026-07-09 00:00:00,-8200.0,-8200.0,1.0,0.0,0.0,None,0.0,0.0,0.0,l_a_btr,ANNUITY SURRENDER CHARGEBACK,RECURRING,__NONE__,SMPLRM3,SMPLCS3,CREDITED,True,1,202607,REAL
SMPLTRD00372|1,SMPLTRD00372,1,SMPL003,202607,ANNU|TRL,SMPLACCT-3105,2026-07-09 00:00:00,2026-07-10 00:00:00,-5300.0,-5300.0,1.0,0.0,0.0,None,0.0,0.0,0.0,l_a_btr,ANNUITY SURRENDER CHARGEBACK,RECURRING,__NONE__,SMPLRM3,SMPLCS3,CREDITED,True,1,202607,REAL
SMPLTRD00373|1,SMPLTRD00373,1,SMPL003,202607,ANNU|TRL,SMPLACCT-3105,2026-07-22 00:00:00,2026-07-23 00:00:00,830,830.0,1.0,0.0,0.0,None,0.0,0.0,0.0,l_a_btr,ANNUITY TRAIL,RECURRING,__NONE__,SMPLRM3,SMPLCS3,CREDITED,True,1,202607,REAL
SMPLTRD00374|1,SMPLTRD00374,1,SMPL003,202607,MF|COMM,SMPLACCT-3103,2026-07-16 00:00:00,2026-07-17 00:00:00,475,475.0,1.0,0.0,0.0,None,0.0,0.0,0.0,ace,MUTUAL FUND COMMISSION,RECURRING,__NONE__,SMPLRM3,SMPLCS3,CREDITED,True,1,202607,REAL
SMPLTRD00375|1,SMPLTRD00375,1,SMPL003,202607,CASH|CD,SMPLACCT-3108,2026-07-19 00:00:00,2026-07-20 00:00:00,300,300.0,1.0,0.0,0.0,None,0.0,0.0,0.0,ace,BROKERED CD COMMISSION,RECURRING,__NONE__,SMPLRM3,SMPLCS3,CREDITED,True,1,202607,REAL
SMPLTRD00376|1,SMPLTRD00376,1,SMPL003,202607,EQ|COMM,SMPLACCT-3106,2026-07-03 00:00:00,2026-07-04 00:00:00,138.78,138.78,1.0,0.0,0.0,None,0.0,0.0,0.0,ace,EQUITY TRADE COMMISSION,RECURRING,91,SMPLRM3,SMPLCS3,NON_CREDITED,False,1,202607,REAL
SMPLTRD00377|1,SMPLTRD00377,1,SMPL003,202607,EQ|COMM,SMPLACCT-3107,2026-07-05 00:00:00,2026-07-06 00:00:00,157.08,157.08,1.0,0.0,0.0,None,0.0,0.0,0.0,ace,EQUITY TRADE COMMISSION,RECURRING,__NONE__,SMPLRM3,SMPLCS3,CREDITED,True,1,202607,REAL
SMPLTRD00378|1,SMPLTRD00378,1,SMPL003,202607,EQ|COMM,SMPLACCT-3108,2026-07-07 00:00:00,2026-07-08 00:00:00,133.09,133.09,1.0,0.0,0.0,None,0.0,0.0,0.0,ace,EQUITY TRADE COMMISSION,RECURRING,__NONE__,SMPLRM3,SMPLCS3,CREDITED,True,1,202607,REAL
SMPLTRD00379|1,SMPLTRD00379,1,SMPL003,202607,EQ|COMM,SMPLACCT-3106,2026-07-09 00:00:00,2026-07-10 00:00:00,147.97,147.97,1.0,0.0,0.0,None,0.0,0.0,0.0,ace,EQUITY TRADE COMMISSION,RECURRING,__NONE__,SMPLRM3,SMPLCS3,CREDITED,True,1,202607,REAL
SMPLTRD00380|1,SMPLTRD00380,1,SMPL003,202607,EQ|COMM,SMPLACCT-3107,2026-07-11 00:00:00,2026-07-12 00:00:00,116.76,116.76,1.0,0.0,0.0,None,0.0,0.0,0.0,ace,EQUITY TRADE COMMISSION,RECURRING,__NONE__,SMPLRM3,SMPLCS3,CREDITED,True,1,202607,REAL
SMPLTRD00381|1,SMPLTRD00381,1,SMPL003,202607,EQ|COMM,SMPLACCT-3108,2026-07-13 00:00:00,2026-07-14 00:00:00,125.25,125.25,1.0,0.0,0.0,None,0.0,0.0,0.0,ace,EQUITY TRADE COMMISSION,RECURRING,__NONE__,SMPLRM3,SMPLCS3,CREDITED,True,1,202607,REAL
SMPLTRD00382|1,SMPLTRD00382,1,SMPL003,202607,EQ|COMM,SMPLACCT-3106,2026-07-15 00:00:00,2026-07-16 00:00:00,153.39,153.39,1.0,0.0,0.0,None,0.0,0.0,0.0,ace,EQUITY TRADE COMMISSION,RECURRING,__NONE__,SMPLRM3,SMPLCS3,CREDITED,True,1,202607,REAL
SMPLTRD00383|1,SMPLTRD00383,1,SMPL003,202607,EQ|COMM,SMPLACCT-3107,2026-07-17 00:00:00,2026-07-18 00:00:00,162.61,162.61,1.0,0.0,0.0,None,0.0,0.0,0.0,ace,EQUITY TRADE COMMISSION,RECURRING,__NONE__,SMPLRM3,SMPLCS3,CREDITED,True,1,202607,REAL
SMPLTRD00384|1,SMPLTRD00384,1,SMPL003,202607,EQ|COMM,SMPLACCT-3108,2026-07-19 00:00:00,2026-07-20 00:00:00,139.78,139.78,1.0,0.0,0.0,None,0.0,0.0,0.0,ace,EQUITY TRADE COMMISSION,RECURRING,__NONE__,SMPLRM3,SMPLCS3,CREDITED,True,1,202607,REAL
SMPLTRD00385|1,SMPLTRD00385,1,SMPL003,202607,EQ|COMM,SMPLACCT-3106,2026-07-21 00:00:00,2026-07-22 00:00:00,116.49,116.49,1.0,0.0,0.0,None,0.0,0.0,0.0,ace,EQUITY TRADE COMMISSION,RECURRING,__NONE__,SMPLRM3,SMPLCS3,CREDITED,True,1,202607,REAL
SMPLTRD00386|1,SMPLTRD00386,1,SMPL003,202607,EQ|COMM,SMPLACCT-3107,2026-07-23 00:00:00,2026-07-24 00:00:00,124.01,124.01,1.0,0.0,0.0,None,0.0,0.0,0.0,ace,EQUITY TRADE COMMISSION,RECURRING,__NONE__,SMPLRM3,SMPLCS3,CREDITED,True,1,202607,REAL
SMPLTRD00387|1,SMPLTRD00387,1,SMPL003,202607,EQ|COMM,SMPLACCT-3108,2026-07-25 00:00:00,2026-07-26 00:00:00,121.89,121.89,1.0,0.0,0.0,None,0.0,0.0,0.0,ace,EQUITY TRADE COMMISSION,RECURRING,__NONE__,SMPLRM3,SMPLCS3,CREDITED,True,1,202607,REAL
SMPLTRD00388|1,SMPLTRD00388,1,SMPL003,202607,EQ|COMM,SMPLACCT-3106,2026-07-03 00:00:00,2026-07-04 00:00:00,118.71,118.71,1.0,0.0,0.0,None,0.0,0.0,0.0,ace,EQUITY TRADE COMMISSION,RECURRING,__NONE__,SMPLRM3,SMPLCS3,CREDITED,True,1,202607,REAL
SMPLTRD00389|1,SMPLTRD00389,1,SMPL003,202607,MF|COMM,SMPLACCT-3103,2026-07-11 00:00:00,2026-07-12 00:00:00,131,131.0,1.0,0.0,0.0,None,0.0,0.0,0.0,ace,MUTUAL FUND COMMISSION BELOW MINIMUM,RECURRING,92,SMPLRM3,SMPLCS3,NON_CREDITED,False,1,202607,REAL
SMPLTRD00390|1,SMPLTRD00390,1,SMPL003,202607,MF|COMM,SMPLACCT-3103,2026-07-12 00:00:00,2026-07-13 00:00:00,140,140.0,1.0,0.0,0.0,None,0.0,0.0,0.0,ace,MUTUAL FUND COMMISSION BELOW MINIMUM,RECURRING,92,SMPLRM3,SMPLCS3,NON_CREDITED,False,1,202607,REAL
SMPLTRD00391|1,SMPLTRD00391,1,SMPL003,202607,ADV|FEE,SMPLACCT-3106,2026-07-27 00:00:00,2026-07-28 00:00:00,640.0,640.0,1.0,58.0,58.0,None,0.0,0.0,0.0,ace,ADVISORY FEE,RECURRING,__NONE__,SMPLRM3,SMPLCS3,CREDITED,True,1,202607,REAL
SMPLTRD00392|1,SMPLTRD00392,1,SMPL003,202607,MFT|12B1,SMPLACCT-3107,2026-07-20 00:00:00,2026-07-21 00:00:00,500.0,500.0,1.0,25.0,25.0,None,0.0,0.0,0.0,mf_12b1,TRAIL BOOKING (DELETED),RECURRING,9X,SMPLRM3,SMPLCS3,EXCLUDED,False,1,202607,REAL
SMPLTRD00393|1,SMPLTRD00393,1,SMPL003,202607,CASH|SWP,SMPLACCT-3108,2026-07-24 00:00:00,2026-07-25 00:00:00,1900.0,1900.0,1.0,18.0,18.0,None,0.0,0.0,1310000,money_mkt,MONTH M07-2026,RECURRING,__NONE__,SMPLRM3,SMPLCS3,CREDITED,True,1,202607,REAL
